Country,Year,Forex,Population,GDP,Employment,Employment_Ag,r_star,r,ka_open
Argentina,2000,25146.9026944134,,284203750000,52.9679985046387,0.670000016689301,6.46,,0.7604
Argentina,2001,14553.0642596102,,268696750000,50.984001159668,0.829999983310699,3.69,,0.1635
Argentina,2002,10489.3400687375,,97724004251.8602,48.3969993591309,0.980000019073486,1.73,,0.1635
Argentina,2003,14153.4396649625,,127586973492.177,51.6769981384277,1.39999997615814,1.15,,0.4170
Argentina,2004,18884.3427539788,,164657930452.787,53.5660018920898,1.5,1.56,,0.4170
Argentina,2005,27178.8385015579,,198737095012.282,54.4300003051758,1.27999997138977,3.51,,0.4170
Argentina,2006,30903.4651129806,,232557260817.308,55.5709991455078,1.04999995231628,5.15,,0.2535
Argentina,2007,44682.0568557802,,287530508430.568,55.9410018920898,1.12000000476837,5.27,,0.2535
Argentina,2008,44854.6202069801,,361558037110.419,55.6920013427734,1.20000004768372,2.96,,0.2535
Argentina,2009,46092.9886353253,,332976484577.619,55.5229988098145,1.23000001907349,0.56,,0.2535
Argentina,2010,49733.8697240928,,423627422092.49,55.548999786377,1.26999998092651,0.31,,0.2535
Argentina,2011,43226.8309577587,,530163281574.658,56.2949981689453,0.639999985694885,0.3,,0.2535
Argentina,2012,39920.301983203,,545982375701.128,56.0019989013672,0.620000004768372,0.28,,0.0000
Argentina,2013,28143.0386309564,,552025140252.246,55.7029991149902,0.620000004768372,0.17,,0.0000
Argentina,2014,29016.9548139639,,526319673731.638,55.1189994812012,0.550000011920929,0.12,,0.0000
Argentina,2015,23416.5108848894,,594749285413.212,54.7760009765625,0.259999990463257,0.23,,0.0000
Argentina,2016,36323.2999765464,,557531376217.967,54.2330017089844,0.129999995231628,0.64,,0.1635
Argentina,2017,53030.8095318904,,643628665302.155,53.898998260498,0.059999998658896,1.15,,0.7604
Argentina,2018,63963.9220851007,,524819742918.669,54.1049995422363,0.100000001490116,2.19,,0.8203
Argentina,2019,42192.5267469573,,447754609218.678,54.3569984436035,0.059999998658896,2.21,,0.2833
Armenia,2000,301.959862802207,,1911563668.85006,47.4459991455078,42.9099998474121,6.46,25.5117383157638,1.0000
Armenia,2001,317.217930091138,,2118467913.37873,47.5180015563965,42.1500015258789,3.69,23.1503333333333,1.0000
Armenia,2002,415.584870589201,,2376335048.39976,47.5909996032715,41.2599983215332,1.73,17.4415900996534,1.0000
Armenia,2003,501.977062059943,,2807061008.69084,47.6879997253418,40.2200012207031,1.15,15.7123529761905,1.0000
Armenia,2004,547.758869582332,,3576615240.41616,47.8209991455078,39.4099998474121,1.56,8.20861632104455,1.0000
Armenia,2005,669.480407701409,,4900469950.09033,47.8969993591309,38.5200004577637,3.51,5.1832375,1.0000
Armenia,2006,1071.91796448804,,6384451606.1421,48.0060005187988,37.4599990844727,5.15,5.85706491596639,1.0000
Armenia,2007,1659.09045302799,,9206301700.39619,48.1059989929199,36.5299987792969,5.27,6.5621625,1.0000
Armenia,2008,1406.80082343428,,11662040713.8753,45.3950004577637,37.7999992370605,2.96,8.32171231119544,1.0000
Armenia,2009,2003.6234078546,,8647936747.98704,43.7980003356934,39.4500007629395,0.56,11.8599542551728,1.0000
Armenia,2010,1865.82429686233,,9260284937.79781,45.5810012817383,38.5999984741211,0.31,13.8820128726145,1.0000
Armenia,2011,1932.47199858389,,10142111334.4961,47.0190010070801,38.9300003051758,0.3,13.7980278130288,1.0000
Armenia,2012,1799.37439890816,,10619320048.5857,47.9080009460449,37.25,0.28,14.3002047697647,1.0000
Armenia,2013,2251.61025535403,,11121465767.4067,48.7919998168945,36.2799987792969,0.17,13.2034138827596,1.0000
Armenia,2014,1489.44337096659,,11609512939.7543,47.4620018005371,34.8300018310547,0.12,9.822525,1.0000
Armenia,2015,1775.2934937543,,10553337672.9872,46.4770011901855,35.3300018310547,0.23,14.410047254447,1.0000
Armenia,2016,2204.11399125512,,10546135160.031,45.9099998474121,33.5999984741211,0.64,12.3664826802,0.8365
Armenia,2017,2314.11395127386,,11527458565.7334,45.6189994812012,31.3400001525879,1.15,8.77250490117572,0.8365
Armenia,2018,2259.32186853197,,12457941907.0333,43.0839996337891,25.7800006866455,2.19,8.1,0.8365
Armenia,2019,2849.6451824783,,13619291361.2814,44.1949996948242,24.0499992370605,2.21,7.6412125,0.8365
Azerbaijan,2000,679.60550408201,,5272798390.70183,68.0530014038086,41.0099983215332,6.46,,0.1635
Azerbaijan,2001,724.97935394087,,5707720390.8515,66.9509963989258,39.9500007629395,3.69,,0.1635
Azerbaijan,2002,720.471772469666,,6235856819.58445,65.8870010375977,40.189998626709,1.73,,0.4170
Azerbaijan,2003,802.839749214127,,7276753894.71541,64.879997253418,39.8899993896484,1.15,,0.4170
Azerbaijan,2004,1075.08429267504,,8680370408.05943,64.0299987792969,39.5400009155273,1.56,,0.1635
Azerbaijan,2005,1177.74366423387,,13245716099.0057,63.4339981079102,39.3199996948242,3.51,,0.1635
Azerbaijan,2006,2500.37295608952,,20982986344.3027,62.5460014343262,39.5499992370605,5.15,,0.1635
Azerbaijan,2007,4273.11488233472,,33050343782.7759,62.7779998779297,38.5499992370605,5.27,,0.1635
Azerbaijan,2008,6467.23921136657,,48852482960.0779,62.423999786377,39.5900001525879,2.96,,0.5069
Azerbaijan,2009,5363.78042790113,,44291490420.5026,61.3160018920898,38.1199989318848,0.56,,0.2833
Azerbaijan,2010,6408.96935657349,,52909294791.9262,61.1609992980957,38.2299995422363,0.31,,0.3432
Azerbaijan,2011,10273.8273415398,,65951627200.2026,60.9189987182617,37.8800010681152,0.3,,0.4031
Azerbaijan,2012,11277.2387538186,,69683935845.2139,60.9339981079102,37.6500015258789,0.28,,0.4630
Azerbaijan,2013,14400.553978867,,74164435946.4627,61.3320007324219,37.0999984741211,0.17,,0.4630
Azerbaijan,2014,14646.5637619499,,75244294275.1498,61.8559989929199,36.75,0.12,,0.4630
Azerbaijan,2015,6291.16524852726,,53074370486.0433,62.2700004577637,36.3600006103516,0.23,,0.4630
Azerbaijan,2016,5836.45913336833,,37867518957.1975,62.9469985961914,36.3400001525879,0.64,,0.4630
Azerbaijan,2017,6680.4488517634,,40865558912.3867,63.2610015869141,36.3499984741211,1.15,,0.4630
Azerbaijan,2018,6665.90752635547,,47112941176.4706,63.564998626709,36.2599983215332,2.19,,0.4630
Azerbaijan,2019,7042.89878103734,,48174235294.1177,63.2750015258789,36,2.21,,0.4630
"Bahamas, The",2000,349.644583160698,,8076470000,70.9929962158203,4.1100001335144,6.46,,0.0000
"Bahamas, The",2001,319.252843728164,,8317830000,70.9649963378906,4.19999980926514,3.69,,0.0000
"Bahamas, The",2002,380.645829417907,,8881160000,69.4860000610352,3.71000003814697,1.73,,0.0000
"Bahamas, The",2003,491.108558163103,,8870090000,67.7990036010742,3,1.15,,0.0000
"Bahamas, The",2004,674.401942812061,,9055290000,67.9609985351563,4.42999982833862,1.56,,0.0000
"Bahamas, The",2005,586.297936226167,,9836200000,67.5609970092773,3.49000000953674,3.51,,0.0000
"Bahamas, The",2006,461.331327062986,,10167250000,69.1449966430664,2.5,5.15,,0.0000
"Bahamas, The",2007,464.482895393893,,10618340000,68.4710006713867,2.30999994277954,5.27,,0.0000
"Bahamas, The",2008,567.909087744537,,10526000000,67.8239974975586,2.9300000667572,2.96,,0.0000
"Bahamas, The",2009,1009.82381980338,,9981960000,62.9410018920898,2.88000011444092,0.56,,0.0000
"Bahamas, The",2010,1044.15380049774,,10095760000,62.4850006103516,2.71000003814697,0.31,,0.0000
"Bahamas, The",2011,1070.21742465299,,10070450000,61.9220008850098,2.65000009536743,0.3,,0.0000
"Bahamas, The",2012,846.94134775579,,10720500000,64.0550003051758,2.61999988555908,0.28,,0.0000
"Bahamas, The",2013,807.408405007461,,10562800000,60.9370002746582,2.5699999332428,0.17,,0.0000
"Bahamas, The",2014,874.33706477897,,11176100000,62.6619987487793,2.49000000953674,0.12,,0.0000
"Bahamas, The",2015,895.475136251959,,11861900000,63.9609985351563,2.44000005722046,0.23,,0.0000
"Bahamas, The",2016,1001.93394518353,,11834600000,63.4379997253418,2.38000011444092,0.64,,0.0000
"Bahamas, The",2017,1413.97294085571,,12357600000,65.5199966430664,2.32999992370605,1.15,,0.0000
"Bahamas, The",2018,1345.34467414449,,12755800000,65.3899993896484,2.25999999046326,2.19,,0.0000
"Bahamas, The",2019,1757.78275350028,,13192800000,65.3659973144531,2.20000004768372,2.21,,0.0000
Bahrain,2000,1564.13919772147,,9062898936.17021,65.1859970092773,1.64999997615814,6.46,,1.0000
Bahrain,2001,1683.97856144655,,8976196808.51064,64.9820022583008,1.57000005245209,3.69,,1.0000
Bahrain,2002,1725.74732010789,,9593510638.29787,65.7149963378906,1.51999998092651,1.73,,1.0000
Bahrain,2003,1778.38649758307,,11074813829.7872,66.4509963989258,1.47000002861023,1.15,,1.0000
Bahrain,2004,1940.50318474825,,13150159574.4681,67.1679992675781,1.4099999666214,1.56,,0.9401
Bahrain,2005,1974.97393162393,,15968723404.2553,67.8710021972656,1.35000002384186,3.51,,0.9401
Bahrain,2006,2800.28850516612,,18504760638.2979,68.5660018920898,1.28999996185303,5.15,,0.9401
Bahrain,2007,4217.12524957618,,21730000000,69.2620010375977,1.24000000953674,5.27,,0.9401
Bahrain,2008,3920.45659860005,,25710904255.3191,69.9290008544922,1.17999994754791,2.96,,0.9401
Bahrain,2009,3845.17404506264,,22938218085.1064,70.5770034790039,1.13999998569489,0.56,,1.0000
Bahrain,2010,5088.63873703106,,25713271276.5957,71.2460021972656,1.08000004291534,0.31,,1.0000
Bahrain,2011,4544.54482872022,,28776595744.6809,70.2009963989258,1.0900000333786,0.3,,1.0000
Bahrain,2012,5204.6613069061,,30749308510.6383,70.3190002441406,1.0900000333786,0.28,,1.0000
Bahrain,2013,5347.04344019013,,32539468085.1064,70.4619979858398,1.0900000333786,0.17,,1.0000
Bahrain,2014,6048.50600251976,,33387712765.9574,70.5879974365234,1.08000004291534,0.12,,1.0000
Bahrain,2015,3387.20793219981,,31050638297.8723,70.7099990844727,1.08000004291534,0.23,,1.0000
Bahrain,2016,2440.10431400794,,32234973404.2553,70.8000030517578,1.03999996185303,0.64,,1.0000
Bahrain,2017,2628.64807934137,,35473776595.7447,70.9329986572266,1.00999999046326,1.15,,1.0000
Bahrain,2018,2142.03087000967,,37802005319.1489,71.1790008544922,0.970000028610229,2.19,,1.0000
Bahrain,2019,3674.20074243906,,38653318085.1064,71.411003112793,0.939999997615814,2.21,,1.0000
Bangladesh,2000,1485.9647238122,,53369787318.6245,56.7159996032715,64.8099975585938,6.46,,0.1635
Bangladesh,2001,1275.02766137667,,53991289844.3291,56.4309997558594,62.3899993896484,3.69,,0.1635
Bangladesh,2002,1683.21311917036,,54724081490.5102,56.1889991760254,59.9000015258789,1.73,,0.1635
Bangladesh,2003,2577.89170605726,,60158929188.2556,55.8660011291504,57.189998626709,1.15,,0.1635
Bangladesh,2004,3172.44083285791,,65108544250.0425,55.8190002441406,54.2999992370605,1.56,,0.1635
Bangladesh,2005,2767.24106368236,,69442943089.4309,55.7389984130859,51.1699981689453,3.51,,0.1635
Bangladesh,2006,3805.60012749565,,71819083683.7403,55.9850006103516,48.0800018310547,5.15,12.4475,0.1635
Bangladesh,2007,5183.43228125889,,79611888213.148,55.4850006103516,47.8499984741211,5.27,12.1483333333333,0.1635
Bangladesh,2008,5689.2821473445,,91631278239.3237,55.0419998168945,47.6699981689453,2.96,11.7216666666667,0.1635
Bangladesh,2009,10218.8967112537,,102477791472.39,54.6049995422363,47.5299987792969,0.56,10.1433333333333,0.1635
Bangladesh,2010,10564.2794669521,,115279077465.226,55.3450012207031,47.310001373291,0.31,8.86,0.1635
Bangladesh,2011,8509.53015112681,,128637938711.386,54.9300003051758,46.5499992370605,0.3,9.4925,0.1635
Bangladesh,2012,12031.2188996072,,133355749482.478,54.5419998168945,45.7599983215332,0.28,11.5966666666667,0.1635
Bangladesh,2013,17564.379091112,,149990451022.29,54.1749992370605,45.0099983215332,0.17,12.125,0.1635
Bangladesh,2014,21785.3949510397,,172885454931.453,54.0120010375977,44.2700004577637,0.12,11.487275,0.1635
Bangladesh,2015,27023.3789975949,,195078678697.23,53.8320007324219,43.4599990844727,0.23,9.43833333333333,0.1635
Bangladesh,2016,31776.0762230877,,265236247989.155,53.6500015258789,42.6599998474121,0.64,7.01833333333333,0.1635
Bangladesh,2017,32849.1891672112,,293754646182.389,55.7809982299805,40.5999984741211,1.15,6.8725,0.1635
Bangladesh,2018,31452.7391292509,,321379023557.462,55.773998260498,39.3899993896484,2.19,7.21,0.1635
Bangladesh,2019,32012.8906507125,,351238474244.667,55.7470016479492,38.2999992370605,2.21,8.50291666666667,0.1635
Benin,2000,,,3519991326.48464,71.2210006713867,48.3899993896484,6.46,,0.1635
Benin,2001,,,3666222600.09828,71.2379989624023,47.9099998474121,3.69,,0.1635
Benin,2002,,,4194342849.46574,71.254997253418,47.4599990844727,1.73,,0.1635
Benin,2003,,,5349258334.31914,71.2369995117188,47.0699996948242,1.15,,0.1635
Benin,2004,,,6190270756.13743,71.2239990234375,46.6500015258789,1.56,,0.1635
Benin,2005,,,6567654493.50831,71.2009963989258,46.3199996948242,3.51,,0.1635
Benin,2006,,,7034111651.4964,71.1910018920898,45.8800010681152,5.15,,0.1635
Benin,2007,,,8169048690.05254,71.1800003051758,45.3400001525879,5.27,,0.1635
Benin,2008,,,9787735426.00897,71.1600036621094,44.8499984741211,2.96,,0.1635
Benin,2009,,,9738626993.27696,71.1360015869141,44.4500007629395,0.56,,0.1635
Benin,2010,,,9535345011.48797,71.1179962158203,44.0699996948242,0.31,,0.1635
Benin,2011,,,10693321370.036,69.9749984741211,43.6100006103516,0.3,,0.1635
Benin,2012,,,11141358105.9853,70.0709991455078,43.0299987792969,0.28,,0.1635
Benin,2013,,,12517845127.6775,70.1630020141602,42.2700004577637,0.17,,0.1635
Benin,2014,,,13284527850.2632,70.2300033569336,41.560001373291,0.12,,0.1635
Benin,2015,,,11388160997.1089,70.2730026245117,41.0800018310547,0.23,6.25,0.1635
Benin,2016,,,11821065852.1271,70.3610000610352,40.5900001525879,0.64,,0.1635
Benin,2017,,,12701655845.9612,70.4459991455078,39.8699989318848,1.15,,0.1635
Benin,2018,,,14262408079.7014,70.5189971923828,39.0800018310547,2.19,,0.1635
Benin,2019,,,14391686309.033,70.4619979858398,38.2700004577637,2.21,,0.1635
Bhutan,2000,317.63240062607,,424464089.897641,68.7929992675781,66.7799987792969,6.46,,0.1635
Bhutan,2001,323.362186673919,,461444513.66815,68.6340026855469,66.0599975585938,3.69,,0.1635
Bhutan,2002,354.949465105834,,520849551.532606,68.7060012817383,65.3000030517578,1.73,,0.1635
Bhutan,2003,366.596385792883,,604041957.921855,68.8359985351563,64.6800003051758,1.15,,0.1635
Bhutan,2004,398.62001169281,,682523857.01677,68.4000015258789,64.0100021362305,1.56,,0.1635
Bhutan,2005,467.426180776747,,796938120.181406,67.9980010986328,63.3199996948242,3.51,,0.1635
Bhutan,2006,545.324764562267,,874989895.601121,67.8679962158203,62.7999992370605,5.15,,0.1635
Bhutan,2007,699.049465438374,,1168308516.63301,67.3560028076172,62.2299995422363,5.27,,0.1635
Bhutan,2008,764.803120519601,,1227808790.6733,67.2710037231445,61.7299995422363,2.96,,0.1635
Bhutan,2009,890.893416551035,,1234014291.82342,66.9400024414063,60.7799987792969,0.56,,0.1635
Bhutan,2010,1002.13910189679,,1547991317.81183,65.8870010375977,59.5999984741211,0.31,,0.1635
Bhutan,2011,789.643751580542,,1777101316.67756,65.2129974365234,60.1500015258789,0.3,,0.1635
Bhutan,2012,954.678385085582,,1781281281.57912,63.0410003662109,58.3499984741211,0.28,,0.1635
Bhutan,2013,991.306676488434,,1756215665.09323,63.4259986877441,56.3400001525879,0.17,,0.1635
Bhutan,2014,1245.08666663096,,1907090813.45907,60.9630012512207,56.6500015258789,0.12,,0.1635
Bhutan,2015,1103.17912857934,,2003598212.99135,61.5929985046387,58,0.23,,0.1635
Bhutan,2016,1127.27733166278,,2158972129.00307,61.4129981994629,57.2200012207031,0.64,,0.1635
Bhutan,2017,1206.23819085106,,2450364928.07302,61.2820014953613,56.5200004577637,1.15,,0.1635
Bhutan,2018,987.247035583982,,2446866404.93058,61.1199989318848,56.1199989318848,2.19,,0.1635
Bhutan,2019,1228.29879937252,,2535657069.05537,60.8969993591309,55.7799987792969,2.21,,0.1635
Belize,2000,122.898988202728,,1116000000,53.0810012817383,26.0100002288818,6.46,,0.1635
Belize,2001,112.041498811027,,1163000000,54.3600006103516,24.6700000762939,3.69,,0.1635
Belize,2002,114.506518223208,,1233000000,53.9959983825684,23.3400001525879,1.73,,0.0000
Belize,2003,84.6840012302939,,1298000000,54.0909996032715,22,1.15,,0.0000
Belize,2004,48.2534837920367,,1389500000,54.0960006713867,20.7800006866455,1.56,,0.1635
Belize,2005,71.3574738645495,,1461500000,54.1129989624023,19.5599994659424,3.51,,0.0000
Belize,2006,113.721680976537,,1581000000,55.2519989013672,19.4200000762939,5.15,,0.1635
Belize,2007,108.512535020953,,1696000000,56.0060005187988,19.3099994659424,5.27,,0.1635
Belize,2008,166.16289720763,,1729000000,56.4259986877441,19.1299991607666,2.96,,0.1635
Belize,2009,213.683331633225,,1680500000,56.5999984741211,19.0400009155273,0.56,,0.1635
Belize,2010,217.999757441087,,1738500000,56.8209991455078,18.9099998474121,0.31,,0.1635
Belize,2011,237.114250351976,,1819500000,57.0110015869141,18.7900009155273,0.3,,0.1635
Belize,2012,288.924768784865,,1903000000,57.2130012512207,18.6200008392334,0.28,,0.1635
Belize,2013,402.752296213006,,2029500000,57.4000015258789,18.4599990844727,0.17,,0.1635
Belize,2014,486.876774541703,,2138000000,58.257999420166,18.25,0.12,,0.1635
Belize,2015,437.151657938585,,2210500000,59.0289993286133,18.0799999237061,0.23,,0.1635
Belize,2016,376.735092705476,,2258500000,59.7529983520508,18.5599994659424,0.64,,0.1635
Belize,2017,312.140148194318,,2286000000,59.8040008544922,17.4200000762939,1.15,,0.1635
Belize,2018,294.468435057294,,2315000000,59.7809982299805,17.0100002288818,2.19,,0.1635
Belize,2019,277.578761136722,,2416500000,59.6790008544922,16.7999992370605,2.21,,0.1635
Bolivia,2000,926.431168382596,,8397912525.26886,68.677001953125,38.939998626709,6.46,,0.7465
Bolivia,2001,886.421960900623,,8141537877.06791,68.995002746582,44.2000007629395,3.69,,0.7465
Bolivia,2002,580.458218556947,,7905485146.44352,69.3789978027344,42.3899993896484,1.73,,0.7465
Bolivia,2003,716.795371945774,,8082364816.16879,69.734001159668,35.0900001525879,1.15,,0.7465
Bolivia,2004,872.372122861509,,8773451751.5121,70.1419982910156,35.0900001525879,1.56,,0.7465
Bolivia,2005,1327.6035342382,,9549077918.69677,70.4929962158203,38.6100006103516,3.51,,0.7465
Bolivia,2006,2614.81241254798,,11451869202.1569,70.8470001220703,39.5,5.15,,0.7465
Bolivia,2007,4554.02329660844,,13120183207.6625,69.9779968261719,36.0999984741211,5.27,,0.6866
Bolivia,2008,6927.3590275215,,16674324661.8681,69.943000793457,31.2000007629395,2.96,,0.6267
Bolivia,2009,7583.78526362136,,17339992193.7322,69.9779968261719,30.0900001525879,0.56,,0.5668
Bolivia,2010,8133.86029142495,,19649631308.1648,70.1660003662109,30,0.31,,0.5069
Bolivia,2011,9910.71435823311,,23963033429.4364,70.3600006103516,29.7900009155273,0.3,,0.4470
Bolivia,2012,11659.29442612,,27084497481.9103,67.1999969482422,27.7900009155273,0.28,,0.4470
Bolivia,2013,12782.7305162821,,30659338885.6729,67.609001159668,29.2299995422363,0.17,,0.4470
Bolivia,2014,13480.8890945477,,32996188017.3661,69.9280014038086,30.8500003814697,0.12,,0.4470
Bolivia,2015,11600.7884014687,,33000198248.3362,64.9940032958984,27.8500003814697,0.23,,0.4470
Bolivia,2016,8487.38511251074,,33941126200.0606,65.0019989013672,29.6800003051758,0.64,,0.4470
Bolivia,2017,8473.88354685806,,37508642165.3366,66.125,30.4899997711182,1.15,,0.4470
Bolivia,2018,7177.82559993464,,40287647930.4761,69.2730026245117,31.0599994659424,2.19,,0.4470
Bolivia,2019,4373.7786497488,,40895322843.7851,67.9800033569336,30.5400009155273,2.21,,0.4470
Bosnia and Herzegovina,2000,496.626475424899,,5567405605.27555,33,25.2299995422363,6.46,,0.6566
Bosnia and Herzegovina,2001,1233.13292704398,,5800774707.17423,32.4389991760254,24.4400005340576,3.69,,1.0000
Bosnia and Herzegovina,2002,1336.26692526078,,6728771318.57555,31.806999206543,23.4500007629395,1.73,,1.0000
Bosnia and Herzegovina,2003,1813.51979337355,,8498560877.09175,31.2889995574951,22.7000007629395,1.15,,0.7165
Bosnia and Herzegovina,2004,2427.26657109408,,10157553968.254,30.6219997406006,22.1000003814697,1.56,,0.6566
Bosnia and Herzegovina,2005,2547.61464693943,,11222953328.6704,29.8700008392334,21.3099994659424,3.51,,0.6566
Bosnia and Herzegovina,2006,3671.01036124337,,12864610865.2428,29.3950004577637,20.5499992370605,5.15,,0.6566
Bosnia and Herzegovina,2007,5041.78092868635,,15778767389.7831,30.8369998931885,19.8199996948242,5.27,,0.6566
Bosnia and Herzegovina,2008,4479.8258603902,,19112739364.8892,33.2089996337891,20.5799999237061,2.96,,0.9401
Bosnia and Herzegovina,2009,4529.0384978833,,17613836494.0692,32.7869987487793,21.2299995422363,0.56,,0.7165
Bosnia and Herzegovina,2010,4366.18577956729,,17176781065.8902,32.0999984741211,19.7000007629395,0.31,,0.7165
Bosnia and Herzegovina,2011,4149.55663915232,,18644723860.9709,31.6189994812012,19.6100006103516,0.3,,0.7165
Bosnia and Herzegovina,2012,4283.4910705025,,17226849165.6813,31.5240001678467,20.5599994659424,0.28,,0.4031
Bosnia and Herzegovina,2013,4868.37303066019,,18178503835.4491,31.4190006256104,18.8600006103516,0.17,,0.3432
Bosnia and Herzegovina,2014,4744.43293335914,,18558343304.8433,31.4780006408691,17.0799999237061,0.12,,0.2833
Bosnia and Herzegovina,2015,4689.22489064006,,16211541593.4222,31.7369995117188,17.5200004577637,0.23,,0.2234
Bosnia and Herzegovina,2016,5026.41176810228,,16913330976.7547,32.1110000610352,17.9599990844727,0.64,,0.1635
Bosnia and Herzegovina,2017,6349.26551860968,,18080118186.009,33.6080017089844,16.8199996948242,1.15,,0.1635
Bosnia and Herzegovina,2018,6685.39510127296,,20183510863.0054,34.1990013122559,15.7299995422363,2.19,,0.1635
Bosnia and Herzegovina,2019,7061.49194037337,,20202479537.5193,35.242000579834,17.9599990844727,2.21,,0.1635
Botswana,2000,6318.21400031791,,5788329609.15755,48.3190002441406,19.9599990844727,6.46,,0.7167
Botswana,2001,5897.25015719176,,5489608299.66445,46.9830017089844,20.4899997711182,3.69,,0.7766
Botswana,2002,5473.91881389759,,5438857106.73536,45.673999786377,20.8199996948242,1.73,,0.8365
Botswana,2003,5339.77586980523,,7511582173.37724,44.3079986572266,21.2199993133545,1.15,10.5388888888889,0.8365
Botswana,2004,5661.43101473493,,8957467706.5354,45.6360015869141,21.9599990844727,1.56,10.0666666666667,0.8365
Botswana,2005,6309.05641768859,,9918907108.09702,47.0019989013672,22.6599998474121,3.51,9.49,0.8365
Botswana,2006,7992.39190499401,,9919158482.41085,48.3860015869141,23.2199993133545,5.15,11.5963916666667,1.0000
Botswana,2007,9789.74108758999,,10567270655.5027,49.6549987792969,23.7700004577637,5.27,10.7344416666667,1.0000
Botswana,2008,9118.63774914695,,10730763098.9175,50.9210014343262,24.3899993896484,2.96,10.1891666666667,1.0000
Botswana,2009,8703.96032112573,,10118518637.0561,52.1339988708496,25.0900001525879,0.56,8.62895833333333,1.0000
Botswana,2010,7885.21113602874,,12637319933.4668,48.5690002441406,24.5900001525879,0.31,7.68729166666667,1.0000
Botswana,2011,8081.88682417054,,15110716533.5907,48.3419990539551,24.0599994659424,0.3,7.435,1.0000
Botswana,2012,7627.97030574516,,13907510005.8897,48.1269989013672,23.5699996948242,0.28,5.665,1.0000
Botswana,2013,7726.05244397927,,14271752527.1166,47.9599990844727,22.8600006103516,0.17,5.013,1.0000
Botswana,2014,8322.77152948769,,15470059201.6577,47.7089996337891,22.2900009155273,0.12,4.21116666666667,1.0000
Botswana,2015,7546.14496024368,,13530738157.7648,47.4620018005371,21.8999996185303,0.23,3.666,1.0000
Botswana,2016,7188.82177482296,,15082579073.8634,47.2859992980957,21.3600006103516,0.64,5.76316666666667,1.0000
Botswana,2017,7490.51237336878,,16105182316.3307,47.0620002746582,20.8799991607666,1.15,5.4775,1.0000
Botswana,2018,6656.91363784624,,17031901441.1765,46.8559989929199,20.3700008392334,2.19,5.27383333333333,1.0000
Botswana,2019,6170.22106731238,,16695928792.5697,46.6269989013672,19.8999996185303,2.21,5.089,1.0000
Brazil,2000,32433.9847506899,,655448188237.371,57.1440010070801,16.4899997711182,6.46,,0.1635
Brazil,2001,35563.0403980627,,559991261406.197,57.5989990234375,16.4200000762939,3.69,,0.1635
Brazil,2002,37461.990439998,,509788814956.855,58.3959999084473,16.5300006866455,1.73,,0.4170
Brazil,2003,48846.5964570736,,558229210852.965,57.951000213623,16.6800003051758,1.15,,0.4170
Brazil,2004,52461.7848599627,,669293772178.729,59.1629981994629,17.1399993896484,1.56,,0.4170
Brazil,2005,53245.2097607774,,891630177209.99,59.4420013427734,16.6200008392334,3.51,,0.4769
Brazil,2006,85156.1834637376,,1107640289661.2,59.7070007324219,15.6199998855591,5.15,,0.5368
Brazil,2007,179432.865855624,,1397084349956.35,59.6339988708496,14.6800003051758,5.27,,0.5368
Brazil,2008,192843.633608446,,1695824565928.67,60.1209983825684,13.8500003814697,2.96,,0.5368
Brazil,2009,237364.464789493,,1667019783635.09,59.5289993286133,13.4300003051758,0.56,,0.5368
Brazil,2010,287056.03725354,,2208871646202.82,59.2669982910156,12.6599998474121,0.31,,0.4769
Brazil,2011,350356.038764795,,2616201578192.25,58.4010009765625,11.9899997711182,0.3,,0.4170
Brazil,2012,369565.972392636,,2465188674415.03,57.9970016479492,11.4700002670288,0.28,,0.4170
Brazil,2013,356214.148612928,,2472806919901.67,57.9980010986328,11.1700000762939,0.17,,0.4170
Brazil,2014,360964.711541741,,2455993625159.37,58.0009994506836,10.3400001525879,0.12,,0.4170
Brazil,2015,354174.892918288,,1802214373741.32,56.9930000305176,10.1999998092651,0.23,,0.1635
Brazil,2016,362504.953620439,,1795700168991.49,54.8699989318848,10.1400003433228,0.64,,0.1635
Brazil,2017,371150.619206193,,2063507864886.88,54.3650016784668,9.46000003814697,1.15,,0.1635
Brazil,2018,371933.901818424,,1916947014067.55,54.5750007629395,9.26000022888184,2.19,,0.1635
Brazil,2019,353587.904337499,,1873274432754.47,55.140998840332,9.07999992370605,2.21,,0.1635
Brunei Darussalam,2000,408.340574417856,,6001153306.2645,63.8709983825684,1.21000003814697,6.46,,
Brunei Darussalam,2001,381.821178372171,,5601090584.36122,64.0189971923828,1.12999999523163,3.69,,
Brunei Darussalam,2002,448.994000486639,,5843329107.56171,63.7690010070801,1.07000005245209,1.73,,
Brunei Darussalam,2003,474.743404017911,,6557333084.60567,63.5769996643066,1.01999998092651,1.15,,
Brunei Darussalam,2004,488.889689086051,,7872333215.00414,63.4249992370605,0.970000028610229,1.56,,
Brunei Darussalam,2005,491.885270089171,,9531402847.87311,63.2099990844727,0.920000016689301,3.51,,
Brunei Darussalam,2006,513.570258749097,,11470703002.0769,62.8740005493164,0.870000004768372,5.15,,
Brunei Darussalam,2007,667.491396601975,,12247694247.2298,62.7799987792969,0.810000002384186,5.27,,
Brunei Darussalam,2008,751.159763901468,,14393099068.5859,62.6230010986328,0.779999971389771,2.96,,
Brunei Darussalam,2009,1357.26895660248,,10732366286.2643,62.4000015258789,0.730000019073486,0.56,,
Brunei Darussalam,2010,1563.16250749248,,13707370737.0737,62.0480003356934,0.689999997615814,0.31,,
Brunei Darussalam,2011,2486.7821084328,,18525319977.7407,61.7910003662109,0.649999976158142,0.3,,
Brunei Darussalam,2012,3285.31396210124,,19047940300.8963,61.25,0.620000004768372,0.28,,
Brunei Darussalam,2013,3398.51713550423,,18093829923.2737,60.7099990844727,0.579999983310699,0.17,,
Brunei Darussalam,2014,3471.22449694199,,17098342541.4365,60.0849990844727,0.550000011920929,0.12,,
Brunei Darussalam,2015,3211.35588790277,,12930394937.8137,58.992000579834,0.740000009536743,0.23,,
Brunei Darussalam,2016,3321.82346934923,,11400854267.7188,58.0429992675781,1.00999999046326,0.64,,
Brunei Darussalam,2017,3299.64742531004,,12128104859.1498,56.8839988708496,1.36000001430511,1.15,,
Brunei Darussalam,2018,3220.61985472166,,13567351175.0315,59.701000213623,1.05999994277954,2.19,,
Brunei Darussalam,2019,4051.93971490976,,13469422958.5105,59.9529991149902,1.95000004768372,2.21,,
Bulgaria,2000,3154.93264538982,,13245834314.5104,42.0410003662109,13.1999998092651,6.46,,0.2234
Bulgaria,2001,3290.77043508362,,14183497963.1071,41.1370010375977,9.6899995803833,3.69,,0.1635
Bulgaria,2002,4407.06460069285,,16402846413.0958,41.6160011291504,10.710000038147,1.73,,0.1635
Bulgaria,2003,6291.01423756369,,21144982397.4144,43.0660018920898,11.1400003433228,1.15,6.44666666666667,0.2234
Bulgaria,2004,8776.24913285169,,26157892832.2011,44.4640007019043,10.75,1.56,5.36,0.2833
Bulgaria,2005,8040.54368181402,,29869284035.3218,44.6809997558594,8.9399995803833,3.51,3.87416666666667,0.3432
Bulgaria,2006,10943.0051372857,,34379808888.6039,46.7000007629395,8.10999965667725,5.15,4.18333333333333,0.9401
Bulgaria,2007,16477.9436449979,,44432811756.4731,48.9809989929199,7.53999996185303,5.27,4.53916666666667,1.0000
Bulgaria,2008,16815.5328844521,,54481376860.3695,50.7910003662109,7.46999979019165,2.96,5.37666666666667,1.0000
Bulgaria,2009,17127.2935291316,,52023505367.1714,49.4039993286133,7.09000015258789,0.56,7.215,1.0000
Bulgaria,2010,15420.510258801,,50682061053.2016,47.9020004272461,6.82000017166138,0.31,6.00446666666667,1.0000
Bulgaria,2011,15251.9179504487,,57678241023.818,46.5970001220703,6.78000020980835,0.3,5.35684166666667,1.0000
Bulgaria,2012,18371.0228950265,,54300857424.4415,46.5670013427734,6.44000005722046,0.28,4.49741666666667,1.0000
Bulgaria,2013,18334.7273981463,,55810138436.4821,46.9249992370605,6.65999984741211,0.17,3.47295,1.0000
Bulgaria,2014,18576.1288783467,,57082011260.3446,47.9570007324219,7.01000022888184,0.12,3.3475,1.0000
Bulgaria,2015,20783.3184889051,,50781996712.7636,49.1279983520508,6.8600001335144,0.23,2.49060833333333,1.0000
Bulgaria,2016,23691.2085959197,,53953897624.4344,49.2929992675781,6.75,0.64,2.270575,1.0000
Bulgaria,2017,26692.7145762926,,59199447421.4924,51.939998626709,7.01000022888184,1.15,1.60273333333333,1.0000
Bulgaria,2018,27044.8948646649,,66363537115.2686,52.4379997253418,6.57999992370605,2.19,0.892175,0.7465
Bulgaria,2019,25919.5662986159,,68915875214.6537,54.1870002746582,6.61999988555908,2.21,0.429,0.6866
Burkina Faso,2000,,,2968369991.46729,75.6910018920898,80.4300003051758,6.46,,0.1635
Burkina Faso,2001,,,3190371050.45524,74.8919982910156,78.3499984741211,3.69,,0.1635
Burkina Faso,2002,,,3622350203.94595,74.0449981689453,76.1100006103516,1.73,,0.1635
Burkina Faso,2003,,,4740768355.22974,73.2050018310547,73.4599990844727,1.15,,0.1635
Burkina Faso,2004,,,5451688868.42974,71.911003112793,70.7200012207031,1.56,,0.1635
Burkina Faso,2005,,,6146352742.03313,70.6480026245117,67.5199966430664,3.51,,0.1635
Burkina Faso,2006,,,6547420133.69942,70.052001953125,64.0899963378906,5.15,,0.1635
Burkina Faso,2007,,,7625723123.54939,69.5029983520508,60.5299987792969,5.27,,0.1635
Burkina Faso,2008,,,9451436358.96861,68.5999984741211,56.6599998474121,2.96,,0.1635
Burkina Faso,2009,,,9450697335.53565,67.6620025634766,52.7000007629395,0.56,,0.1635
Burkina Faso,2010,,,10109618964.2848,66.7539978027344,48.2200012207031,0.31,,0.1635
Burkina Faso,2011,,,12080296644.0643,65.7959976196289,43.7200012207031,0.3,,0.1635
Burkina Faso,2012,,,12561016091.4673,64.8349990844727,39.2000007629395,0.28,6.5,0.1635
Burkina Faso,2013,,,13444301139.1384,63.8610000610352,34.7299995422363,0.17,6.5,0.1635
Burkina Faso,2014,,,13943016923.9017,62.8720016479492,30.3799991607666,0.12,6.25,0.1635
Burkina Faso,2015,,,11832159275.603,62.75,29.75,0.23,6,0.1635
Burkina Faso,2016,,,12833363370.174,62.6430015563965,28.9300003051758,0.64,,0.1635
Burkina Faso,2017,,,14106956830.0857,62.5209999084473,28.0200004577637,1.15,,0.1635
Burkina Faso,2018,,,15890065019.7634,62.3969993591309,27.0799999237061,2.19,,0.1635
Burkina Faso,2019,,,16178162030.0694,62.3460006713867,26.2099990844727,2.21,,0.1635
Burundi,2000,32.9202872651183,,870486065.883137,83.3369979858398,91.7600021362305,6.46,,0.1635
Burundi,2001,17.7089617401183,,876794723.068586,82.9820022583008,91.4800033569336,3.69,,0.1635
Burundi,2002,58.776329559297,,825394490.15911,82.6179962158203,91.1699981689453,1.73,,0.1635
Burundi,2003,66.9653140226551,,784654423.620476,82.2239990234375,90.9300003051758,1.15,,0.1635
Burundi,2004,65.7526992508293,,915257323.3961,81.8570022583008,90.620002746582,1.56,,0.1635
Burundi,2005,100.082252808507,,1117113045.65222,81.4540023803711,90.3000030517578,3.51,,0.1635
Burundi,2006,130.527587059737,,1273375020.26862,81.068000793457,89.9199981689453,5.15,,0.0000
Burundi,2007,176.329729145465,,1356199364.85882,80.6559982299805,89.5299987792969,5.27,,0.0000
Burundi,2008,265.70134018856,,1611835901.9063,80.2460021972656,89.1100006103516,2.96,,0.0000
Burundi,2009,322.043553578175,,1781455092.07114,79.8379974365234,88.6800003051758,0.56,,0.0000
Burundi,2010,330.734336971923,,2032135246.50004,79.4290008544922,88.2200012207031,0.31,,0.0000
Burundi,2011,293.975922888204,,2235820867.82743,79.004997253418,87.75,0.3,,0.0000
Burundi,2012,307.157909647554,,2333341374.89657,78.5790023803711,87.2399978637695,0.28,,0.0000
Burundi,2013,328.150659626304,,2451606684.31708,78.1449966430664,86.7099990844727,0.17,,0.0000
Burundi,2014,315.980290456431,,2705783272.07443,77.7009963989258,86.1900024414063,0.12,,0.0000
Burundi,2015,135.115722176262,,3104003611.42957,77.6880035400391,86.2900009155273,0.23,,0.0000
Burundi,2016,94.0515381306259,,2639321161.41102,77.7009963989258,86.2799987792969,0.64,,0.0000
Burundi,2017,96.149938427552,,2712324133.79776,77.7020034790039,86.3099975585938,1.15,,0.0000
Burundi,2018,66.8879064276545,,2660123597.70762,77.6959991455078,86.25,2.19,,0.0000
Burundi,2019,109.902224097543,,2576518846.39,77.6800003051758,86.2099990844727,2.21,,0.0000
Cabo Verde,2000,28.1968188690417,,539227277.626411,53.1990013122559,23.6499996185303,6.46,,
Cabo Verde,2001,45.4794780687327,,563090641.188898,53.0099983215332,23.0200004577637,3.69,,
Cabo Verde,2002,77.1234282731056,,620507562.099274,52.8470001220703,22.2299995422363,1.73,,
Cabo Verde,2003,92.6178006630992,,813260468.873834,52.6640014648438,21.5300006866455,1.15,,
Cabo Verde,2004,139.3627256678,,924940272.389544,52.507999420166,20.5900001525879,1.56,,
Cabo Verde,2005,174.391987426298,,972241336.910099,52.3429985046387,19.8099994659424,3.51,,
Cabo Verde,2006,254.52577070586,,1107571017.02452,52.3349990844727,19,5.15,,
Cabo Verde,2007,364.46226613089,,1513040064.50412,52.3639984130859,18.0499992370605,5.27,,
Cabo Verde,2008,361.467111500192,,1787968044.494,52.3610000610352,17.3600006103516,2.96,,
Cabo Verde,2009,397.876708938471,,1697737296.24641,52.3619995117188,16.9899997711182,0.56,,
Cabo Verde,2010,382.190200497035,,1663913071.40962,52.3889999389648,16.5400009155273,0.31,,
Cabo Verde,2011,338.617823352149,,1865915544.12446,52.2130012512207,16.0300006866455,0.3,,
Cabo Verde,2012,375.841714655623,,1741809808.96442,52.0670013427734,15.6400003433228,0.28,,
Cabo Verde,2013,475.334069480303,,1850470042.43281,51.9679985046387,15.2700004577637,0.17,,
Cabo Verde,2014,510.930777488313,,1859898513.26858,51.8969993591309,14.9099998474121,0.12,,
Cabo Verde,2015,494.495560716106,,1596800287.16405,51.8390007019043,14.539999961853,0.23,,
Cabo Verde,2016,572.736752547996,,1663008687.09505,51.7789993286133,14.0600004196167,0.64,,
Cabo Verde,2017,617.362329826463,,1769787215.42141,51.7239990234375,13.6099996566772,1.15,,
Cabo Verde,2018,606.430600295088,,1966501117.61028,48.6809997558594,11.8400001525879,2.19,,
Cabo Verde,2019,737.990665417386,,1981845740.70615,50.242000579834,10.6000003814697,2.21,,
Cameroon,2000,211.998537743293,,10566578952.7857,76.7070007324219,66.4700012207031,6.46,,0.1635
Cameroon,2001,331.833074120412,,10953485244.4239,76.7850036621094,65.8899993896484,3.69,,0.1635
Cameroon,2002,629.663593823177,,12417251815.8801,77.3840026855469,65,1.73,,0.1635
Cameroon,2003,639.636921069221,,15970315751.0277,77.9889984130859,64.0400009155273,1.15,,0.1635
Cameroon,2004,829.310338035234,,18826215278.057,78.6070022583008,62.939998626709,1.56,,0.1635
Cameroon,2005,949.379090908923,,19509850837.2745,79.1869964599609,62.0299987792969,3.51,,0.1635
Cameroon,2006,1716.22150438996,,20910513974.6215,79.7289962768555,60.9799995422363,5.15,,0.1635
Cameroon,2007,2906.77136229895,,23928251333.7444,80.265998840332,59.8300018310547,5.27,,0.1635
Cameroon,2008,3086.80882364642,,27715144580.2691,78.0289993286133,58.25,2.96,,0.1635
Cameroon,2009,3675.52165597273,,27932971683.4215,75.6350021362305,56.6599998474121,0.56,,0.1635
Cameroon,2010,3642.64276584442,,27507499709.071,73.0970001220703,55,0.31,,0.1635
Cameroon,2011,3198.7177527485,,30630912184.7789,73.1989974975586,53.2400016784668,0.3,,0.1635
Cameroon,2012,3380.70326212093,,30155064574.0734,73.2969970703125,51.4000015258789,0.28,,0.1635
Cameroon,2013,3471.99983139101,,33728622819.0912,73.3939971923828,49.4799995422363,0.17,,0.1635
Cameroon,2014,3168.21685618041,,36386546917.6861,73.484001159668,47.6100006103516,0.12,,0.1635
Cameroon,2015,3536.25506598645,,32210232911.6626,73.4410018920898,46.5800018310547,0.23,,0.1635
Cameroon,2016,2225.70877807818,,33814337900.2831,73.3949966430664,45.7099990844727,0.64,,0.1635
Cameroon,2017,3196.79141074604,,36098550141.5897,73.3420028686523,44.9099998474121,1.15,,0.1635
Cameroon,2018,3459.32976096426,,39973839064.6084,73.2880020141602,44.1699981689453,2.19,,0.1635
Cameroon,2019,,,39670977332.7348,73.2249984741211,43.4900016784668,2.21,,0.1635
Central African Republic,2000,133.258424942756,,916777282.651168,67.5169982910156,75.5100021362305,6.46,,0.1635
Central African Republic,2001,118.751467687419,,932648595.838026,67.4879989624023,75.2600021362305,3.69,,0.1635
Central African Republic,2002,123.238811133007,,996068183.652841,67.4300003051758,75.0199966430664,1.73,,0.1635
Central African Republic,2003,132.411282220033,,1142315573.75494,67.4250030517578,75.1699981689453,1.15,,0.1635
Central African Republic,2004,148.322507517304,,1272360594.5333,67.4929962158203,74.8000030517578,1.56,,0.1635
Central African Republic,2005,139.216011427183,,1337894284.8516,67.5039978027344,74.620002746582,3.51,,0.1635
Central African Republic,2006,125.34701891154,,1461859832.29,67.5739974975586,74.2200012207031,5.15,,0.1635
Central African Republic,2007,82.591571620971,,1699811358.87423,67.6500015258789,73.8300018310547,5.27,,0.1635
Central African Republic,2008,121.78966248142,,1993408071.74888,67.7770004272461,73.5100021362305,2.96,,0.1635
Central African Republic,2009,210.590013326623,,2067381766.36117,67.7789993286133,72.9300003051758,0.56,,0.1635
Central African Republic,2010,181.175454945794,,2142591375.85053,67.6460037231445,72.5100021362305,0.31,,0.1635
Central African Republic,2011,154.510967212474,,2437982839.63072,67.7630004882813,72.0800018310547,0.3,,0.1635
Central African Republic,2012,157.902473531176,,2510126699.05356,67.8779983520508,71.5699996948242,0.28,,0.1635
Central African Republic,2013,193.663724475369,,1691544192.38242,67.947998046875,72.5299987792969,0.17,,0.1635
Central African Republic,2014,259.571697529109,,1894813504.52945,67.9729995727539,72.3000030517578,0.12,,0.1635
Central African Republic,2015,213.800567288047,,1695825708.45604,67.9400024414063,71.8300018310547,0.23,,0.1635
Central African Republic,2016,239.797985500412,,1825018190.85071,67.8529968261719,71.3000030517578,0.64,,0.1635
Central African Republic,2017,362.71727049893,,2072349794.23301,67.7880020141602,70.7799987792969,1.15,,0.1635
Central African Republic,2018,361.797180317651,,2220978978.17342,67.7419967651367,70.3000030517578,2.19,,0.1635
Central African Republic,2019,350.3054018215,,2221301400.72468,67.6480026245117,69.8499984741211,2.21,,0.1635
Chad,2000,110.699274477429,,1388506726.62093,68.5100021362305,82.2300033569336,6.46,,0.1635
Chad,2001,122.374629773423,,1710843360.64955,68.0329971313477,81.6999969482422,3.69,,0.1635
Chad,2002,218.697142161823,,1997005786.54118,67.5400009155273,81.2900009155273,1.73,,0.1635
Chad,2003,187.102879111172,,2742815194.54993,67.0510025024414,80.620002746582,1.15,,0.1635
Chad,2004,221.730347300678,,4422855929.21428,66.568000793457,79.6600036621094,1.56,,0.1635
Chad,2005,225.575218164012,,6649307057.03314,66.0540008544922,78.8899993896484,3.51,,0.1635
Chad,2006,625.085078717181,,7428701809.40597,65.5350036621094,78.7399978637695,5.15,,0.1635
Chad,2007,955.062334474652,,8650138068.63161,65.0289993286133,78.4800033569336,5.27,,0.1635
Chad,2008,1345.46936988943,,10393834720.852,64.5169982910156,78.2200012207031,2.96,,0.1635
Chad,2009,616.701392110048,,9290728773.35723,64.0029983520508,77.8899993896484,0.56,,0.1635
Chad,2010,632.405291277491,,10668102734.8132,63.4930000305176,77.1500015258789,0.31,,0.1635
Chad,2011,951.097160643999,,12172309522.6171,62.9599990844727,77.0400009155273,0.3,,0.1635
Chad,2012,1155.65928659738,,12367363677.6199,62.443000793457,76.4899978637695,0.28,,0.1635
Chad,2013,1183.03194377765,,12953535495.8781,61.9129981994629,76.1100006103516,0.17,,0.1635
Chad,2014,1075.90611458729,,13940768065.6063,61.3839988708496,75.6500015258789,0.12,,0.1635
Chad,2015,368.916823816674,,10950392219.9104,60.8470001220703,75.379997253418,0.23,,0.1635
Chad,2016,8.18429208845216,,10097778353.7651,60.3030014038086,75.6100006103516,0.64,,0.1635
Chad,2017,8.57523741520016,,10000395242.1457,59.7680015563965,75.6399993896484,1.15,,0.1635
Chad,2018,147.750165909777,,11239167048.4916,59.2330017089844,75.3899993896484,2.19,,0.1635
Chad,2019,310.032032850238,,11314951342.7807,59.1650009155273,75.0599975585938,2.21,,0.1635
Chile,2000,15034.9156910232,,78249883995.6255,50.0449981689453,14.4399995803833,6.46,,0.1635
Chile,2001,14379.0025806192,,71517080040.6338,49.2939987182617,13.6000003814697,3.69,,0.7604
Chile,2002,15341.1201666232,,70294892400.0639,48.9659996032715,13.5,1.73,,0.8203
Chile,2003,15839.5894190005,,76507577234.5965,49.6539993286133,13.6000003814697,1.15,,0.8802
Chile,2004,15993.7971552013,,99079230169.6389,49.7709999084473,13.3599996566772,1.56,,0.9401
Chile,2005,16929.2449904239,,122314960843.922,50.5340003967285,13.1599998474121,3.51,,1.0000
Chile,2006,19391.9649766216,,153840051814.059,51.7490005493164,12.8500003814697,5.15,,1.0000
Chile,2007,16836.8108863296,,172565850839.158,52.5149993896484,12.3100004196167,5.27,,1.0000
Chile,2008,23072.3584888107,,179663403196.985,53.1110000610352,11.7200002670288,2.96,,0.9401
Chile,2009,25283.4877807077,,171412642047.328,51.7509994506836,11.1800003051758,0.56,,0.8802
Chile,2010,27816.3471861978,,217105420016.533,53.7120018005371,10.6099996566772,0.31,,0.8203
Chile,2011,41931.7950848962,,251224856981.294,55.5499992370605,10.2600002288818,0.3,,0.7604
Chile,2012,41636.1106375881,,267175872540.066,55.7150001525879,9.97999954223633,0.28,,0.7005
Chile,2013,41083.736988759,,277239461340.404,56.0209999084473,9.47999954223633,0.17,,0.7005
Chile,2014,40437.8516516687,,259405202008.001,55.976001739502,9.39999961853027,0.12,,0.7005
Chile,2015,38632.8026060315,,242496649874.236,55.9539985656738,9.38000011444092,0.23,,0.7005
Chile,2016,40484.2411195297,,249298719723.108,55.6020011901855,9.47999954223633,0.64,,0.7005
Chile,2017,38971.2974037984,,276364933679.626,55.7220001220703,9.25,1.15,,0.7005
Chile,2018,39848.6991398114,,295402652037.155,55.5139999389648,9.22000026702881,2.19,,0.7005
Chile,2019,40643.4925383282,,278584733103.01,55.2369995117188,8.97999954223633,2.21,,0.7005
Macao,2000,3323.01430225176,,6774193548.3871,60.757999420166,0.400000005960464,6.46,,
Macao,2001,3508.44097468654,,6860272608.45211,60.4420013427734,0.400000005960464,3.69,,
Macao,2002,3800.34359127577,,7371723056.2402,59.8839988708496,0.400000005960464,1.73,,
Macao,2003,4343.37055609048,,8246521717.44876,57.1139984130859,0.400000005960464,1.15,,
Macao,2004,5436.10712279169,,10643215078.1581,58.8950004577637,0.400000005960464,1.56,,
Macao,2005,6689.43671670569,,12160002995.8433,60.8009986877441,0.400000005960464,3.51,,
Macao,2006,9132.10257435142,,14874147024.2708,63.3730010986328,0.400000005960464,5.15,,
Macao,2007,13229.9199661443,,18439876056.1978,66.927001953125,0.400000005960464,5.27,,
Macao,2008,15930.1212667869,,21027044550.5667,68.5210037231445,0.400000005960464,2.96,,
Macao,2009,18350.3217406545,,21587740941.5979,69.4420013427734,0.400000005960464,0.56,,
Macao,2010,23726.4901818908,,28241858488.9155,69.4499969482422,0.400000005960464,0.31,,
Macao,2011,34026.1846165378,,36845925519.4433,70.6539993286133,0.400000005960464,0.3,,
Macao,2012,16600.2254509018,,43189526777.5567,70.9349975585938,0.400000005960464,0.28,,
Macao,2013,16145.8781990284,,51536304807.6803,71.3960037231445,0.400000005960464,0.17,,
Macao,2014,16444.3862876882,,54903031137.7096,72.5650024414063,0.400000005960464,0.12,,
Macao,2015,18890.7870080417,,45047964934.2517,72.3659973144531,0.400000005960464,0.23,,
Macao,2016,19491.696,,45070605746.0194,70.8970031738281,0.400000005960464,0.64,,
Macao,2017,20169.663,,50440941938.6992,69.390998840332,0.400000005960464,1.15,,
Macao,2018,20281.241,,55284360483.1217,69.6029968261719,0.400000005960464,2.19,,
Macao,2019,22214.954,,55204758069.5124,69.0699996948242,0.400000005960464,2.21,,
China,2000,168277.583225843,,1211346869605.24,74.3160018920898,50.0099983215332,6.46,,0.1635
China,2001,215605.12761714,,1339395718865.3,73.375,50.0099983215332,3.69,,0.1635
China,2002,291127.828205212,,1470550015081.55,72.5070037841797,50.0099983215332,1.73,,0.1635
China,2003,408150.659048593,,1660287965662.68,71.7099990844727,49.0999984741211,1.15,,0.1635
China,2004,614499.524349601,,1955347004963.27,71.2300033569336,46.9000015258789,1.56,,0.1635
China,2005,821513.849695566,,2285965892360.54,70.6520004272461,44.7999992370605,3.51,,0.1635
China,2006,1068493.0298699,,2752131773355.16,70.1539993286133,42.5999984741211,5.15,,0.1635
China,2007,1530281.62304337,,3550342737010.84,69.6399993896484,40.7999992370605,5.27,,0.1635
China,2008,1949259.95357011,,4594307032660.79,68.8860015869141,39.5999984741211,2.96,,0.1635
China,2009,2416043.68706779,,5101703073086.04,68.2050018310547,38.0999984741211,0.56,,0.1635
China,2010,2866079.31631537,,6087163874512.21,67.7460021972656,36.7000007629395,0.31,,0.1635
China,2011,3202788.47356349,,7551500124203.36,67.8359985351563,34.7999992370605,0.3,,0.1635
China,2012,3331120.01377381,,8532229986993.65,67.5839996337891,33.5999984741211,0.28,,0.1635
China,2013,3839547.76025293,,9570406235659.64,67.3399963378906,31.3999996185303,0.17,,0.1635
China,2014,3859167.96299109,,10475682920594.5,67.2119979858398,29.5,0.12,,0.1635
China,2015,3345193.76388814,,11061553079876.4,67.0739974975586,28.5900001525879,0.23,,0.1635
China,2016,3029775.3053784,,11233276536737.2,66.9150009155273,27.7000007629395,0.64,,0.1635
China,2017,3158876.94721304,,12310409370892.8,66.6529998779297,26.9799995422363,1.15,,0.1635
China,2018,3091881.25719909,,13894817549374.2,66.4300003051758,26.0699996948242,2.19,,0.1635
China,2019,3127493.85803636,,14279937500606.5,66.0149993896484,25.3299999237061,2.21,,0.1635
Colombia,2000,8915.98810966315,,99886577330.7271,53.7519989013672,22.4300003051758,6.46,,0.1635
Colombia,2001,10153.6661849203,,98211749595.5442,57.4669990539551,22.2000007629395,3.69,,0.1635
Colombia,2002,10732.3883545963,,97963003804.7851,56.9560012817383,21.9300003051758,1.73,,0.1635
Colombia,2003,10783.866157177,,94641378693.223,58.523998260498,21.5499992370605,1.15,,0.1635
Colombia,2004,13393.7961553753,,117081522349.677,57.5390014648438,21.0300006866455,1.56,,0.4170
Colombia,2005,14787.0091230026,,145619193046.094,58.1129989624023,20.6599998474121,3.51,,0.4170
Colombia,2006,15296.2333056523,,161618580752.946,57.6790008544922,20.0100002288818,5.15,,0.4170
Colombia,2007,20767.2676118658,,206181823187.675,56.7309989929199,19.3700008392334,5.27,,0.4170
Colombia,2008,23478.8133994212,,242186949772.533,57,19.0300006866455,2.96,,0.7005
Colombia,2009,24747.6649657224,,232397835356.356,59.0449981689453,18.6200008392334,0.56,,0.4170
Colombia,2010,27766.2433744625,,286563099757.482,60.3199996948242,18.3799991607666,0.31,,0.4170
Colombia,2011,31386.0302508778,,334943877377.472,61.5480003356934,17.8099994659424,0.3,,0.4170
Colombia,2012,36444.0165999643,,370921317942.564,62.648998260498,17.4099998474121,0.28,,0.4170
Colombia,2013,42757.9379718365,,382116120909.218,62.7830009460449,16.6000003814697,0.17,,0.4170
Colombia,2014,46408.0865484249,,381112110485.385,63.2239990234375,16.2299995422363,0.12,,0.4170
Colombia,2015,46103.762877525,,293481753078.868,63.7130012512207,16.0100002288818,0.23,,0.4170
Colombia,2016,45961.5647201639,,282825012368.255,63.068000793457,16.0100002288818,0.64,,0.4170
Colombia,2017,46699.1246637263,,311883730442.045,62.7789993286133,16.5300006866455,1.15,,0.4170
Colombia,2018,47358.5717683219,,334198218100.719,62.1599998474121,16.7099990844727,2.19,,0.4170
Colombia,2019,51973.4656714932,,323109540251.855,60.7589988708496,15.7700004577637,2.21,,0.4170
Comoros,2000,43.211812163776,,351136568.441921,39.7999992370605,57.8699989318848,6.46,,0.1635
Comoros,2001,62.3195914742351,,378512003.405072,39.7159996032715,57.4199981689453,3.69,,0.1635
Comoros,2002,79.9368934163709,,425964697.418664,39.6430015563965,56.9000015258789,1.73,,0.1635
Comoros,2003,94.2985242061427,,546885184.990174,39.564998626709,56.3600006103516,1.15,,0.1635
Comoros,2004,103.738305504963,,633706149.25026,39.4889984130859,55.7200012207031,1.56,,0.1635
Comoros,2005,85.7980902184943,,653845122.872074,39.6360015869141,54.1199989318848,3.51,,0.1635
Comoros,2006,93.5225017897279,,698431827.740958,39.7779998779297,52.4900016784668,5.15,,0.1635
Comoros,2007,117.160325121415,,795673128.485442,39.9140014648438,50.8699989318848,5.27,,0.1635
Comoros,2008,112.160321638918,,915659192.825112,40.0629997253418,49.0999984741211,2.96,,0.1635
Comoros,2009,150.269705541147,,905341090.570115,40.1980018615723,47.3199996948242,0.56,,0.1635
Comoros,2010,145.262103989772,,907978723.547592,40.3349990844727,45.4799995422363,0.31,,0.1635
Comoros,2011,155.178104741795,,1023086183.79822,40.4700012207031,43.6100006103516,0.3,,0.1635
Comoros,2012,194.056101081483,,1015843368.79008,40.5979995727539,41.7700004577637,0.28,,0.1635
Comoros,2013,173.374062456823,,1116224161.07781,40.7330017089844,39.8499984741211,0.17,,0.1635
Comoros,2014,170.46122843982,,1149587651.69395,40.8499984741211,38.0099983215332,0.12,,0.1635
Comoros,2015,199.948687653927,,966029542.038859,40.7960014343262,37.2700004577637,0.23,,0.1635
Comoros,2016,158.748647998012,,1012835518.26037,40.765998840332,36.4900016784668,0.64,,0.1635
Comoros,2017,207.129593538287,,1077439662.5798,40.7179985046387,35.7000007629395,1.15,,0.1635
Comoros,2018,198.471475184707,,1188797574.94753,40.6570014953613,34.9900016784668,2.19,,0.1635
Comoros,2019,201.150327333998,,1195019559.09381,40.5870018005371,34.3800010681152,2.21,,0.1635
"Congo, Republic of",2000,222.005806383169,,3227927697.43665,54.4720001220703,42.2900009155273,6.46,,0.1635
"Congo, Republic of",2001,68.9141120583461,,2796704577.3082,54.4490013122559,41.8300018310547,3.69,,0.1635
"Congo, Republic of",2002,31.634416391381,,3034251042.07329,54.4480018615723,41.310001373291,1.73,,0.1635
"Congo, Republic of",2003,34.7988345588261,,3503723244.83607,54.423999786377,41.0099983215332,1.15,,0.1635
"Congo, Republic of",2004,119.598267266244,,4656975222.72243,54.439998626709,40.6100006103516,1.56,,0.1635
"Congo, Republic of",2005,731.829789530678,,6650001213.82609,54.4720001220703,39.9700012207031,3.51,,0.1635
"Congo, Republic of",2006,1840.93241989028,,8072305415.35484,54.4210014343262,39.3899993896484,5.15,,0.1635
"Congo, Republic of",2007,2174.29305043452,,8782703766.99342,54.2949981689453,39.25,5.27,,0.1635
"Congo, Republic of",2008,3871.78121241579,,11649858744.3946,54.3230018615723,38.7099990844727,2.96,,0.1635
"Congo, Republic of",2009,3806.25038375173,,9723300390.77733,54.306999206543,37.9500007629395,0.56,,0.1635
"Congo, Republic of",2010,4446.85056567434,,13148395201.8041,54.2480010986328,37.2400016784668,0.31,,0.1635
"Congo, Republic of",2011,5641.13619574763,,15655384440.3994,54.2109985351563,36.7099990844727,0.3,,0.1635
"Congo, Republic of",2012,5549.56331543625,,17692912613.1633,54.2470016479492,36.1699981689453,0.28,,0.1635
"Congo, Republic of",2013,5245.01145113999,,17958721571.7526,54.1710014343262,35.6199989318848,0.17,,0.1635
"Congo, Republic of",2014,4926.09805912833,,17912908765.9058,54.1860008239746,34.8800010681152,0.12,,0.1635
"Congo, Republic of",2015,2221.49721919564,,11890259136.1098,54.0940017700195,34.3499984741211,0.23,,0.1635
"Congo, Republic of",2016,714.35200079598,,10219341276.8965,54.0019989013672,34.2200012207031,0.64,,0.1635
"Congo, Republic of",2017,379.984138830498,,11094822713.3481,53.976001739502,34.0699996948242,1.15,,0.1635
"Congo, Republic of",2018,423.617388256644,,13670036996.0023,53.9020004272461,33.7400016784668,2.19,,0.1635
"Congo, Republic of",2019,988.316008036768,,12750339022.9915,53.8499984741211,33.5299987792969,2.21,,0.1635
Costa Rica,2000,1317.75536313344,,15013629658.6521,55.8790016174316,16.25,6.46,,0.7165
Costa Rica,2001,1329.8166297106,,15976174336.9721,57.4259986877441,15.6499996185303,3.69,,0.7165
Costa Rica,2002,1501.65569735315,,16578820687.2881,56.8110008239746,15.9099998474121,1.73,,0.7165
Costa Rica,2003,1839.15066780576,,17271760506.9483,57.007999420166,15.210000038147,1.15,,0.7165
Costa Rica,2004,1921.80525119613,,18610594846.2083,55.9790000915527,14.8800001144409,1.56,,0.7165
Costa Rica,2005,2312.64622114772,,20040642476.9817,57.992000579834,15.25,3.51,,0.7165
Costa Rica,2006,3114.57965920238,,22715540324.3032,58.1769981384277,14.039999961853,5.15,,0.7165
Costa Rica,2007,4113.61621903504,,26884700345.0342,59.7700004577637,13.2700004577637,5.27,,0.7165
Costa Rica,2008,3798.66471544529,,30801744881.0001,59.1699981689453,12.3900003433228,2.96,,0.7165
Costa Rica,2009,4066.17476483059,,30745712006.5307,56.757999420166,11.8400001525879,0.56,,0.7165
Costa Rica,2010,4627.22651377311,,37658614803.2775,54.9650001525879,11.3699998855591,0.31,,0.7165
Costa Rica,2011,4755.80452824892,,42762617081.6522,52.9189987182617,10.9099998474121,0.3,,1.0000
Costa Rica,2012,6856.67026064529,,47231651862.8399,56.4059982299805,10.2799997329712,0.28,,1.0000
Costa Rica,2013,7330.85526060661,,50949672205.9168,56.435001373291,9.89999961853027,0.17,,1.0000
Costa Rica,2014,7211.40618637979,,52016408950.8936,56.5099983215332,11.1599998474121,0.12,,0.7165
Costa Rica,2015,7833.90682667163,,56441917652.9812,55.3549995422363,12.3100004196167,0.23,,1.0000
Costa Rica,2016,7573.80676799203,,58847016044.7363,52.8199996948242,12.210000038147,0.64,,1.0000
Costa Rica,2017,7149.83451374318,,60516043590.1832,53.4720001220703,12.5799999237061,1.15,,1.0000
Costa Rica,2018,7500.92441118614,,62420165099.7231,54.4300003051758,12.3999996185303,2.19,,1.0000
Costa Rica,2019,8937.06941120634,,64417670082.6127,55.1510009765625,11.9700002670288,2.21,,1.0000
Djibouti,2000,67.8045718253999,,551230861.856505,25.1709995269775,40.0800018310547,6.46,,1.0000
Djibouti,2001,70.3086965701331,,572417440.820162,25.1399993896484,39.5999984741211,3.69,,1.0000
Djibouti,2002,73.707750587314,,591122039.601398,25.0769996643066,38.9700012207031,1.73,,1.0000
Djibouti,2003,100.129582486949,,622044665.515049,24.9860000610352,38.310001373291,1.15,,1.0000
Djibouti,2004,93.9390567034005,,666072101.777505,24.8899993896484,37.6500015258789,1.56,,1.0000
Djibouti,2005,89.2647703170111,,708633194.726566,24.798999786377,36.939998626709,3.51,,1.0000
Djibouti,2006,120.326699173783,,768873684.032838,24.6359996795654,36.0999984741211,5.15,,1.0000
Djibouti,2007,132.137437938871,,847918929.107984,24.4699993133545,35.2299995422363,5.27,,1.0000
Djibouti,2008,175.495410942988,,999105339.267729,24.3110008239746,34.2999992370605,2.96,,1.0000
Djibouti,2009,241.831914389104,,1049110684.72493,24.1439990997314,33.6399993896484,0.56,,0.9401
Djibouti,2010,248.997896289132,,1128611700.3618,24.0200004577637,32.8199996948242,0.31,,0.8802
Djibouti,2011,244.112095169796,,1239144501.77525,23.9810009002686,31.8299999237061,0.3,,0.8203
Djibouti,2012,248.630000267239,,1353632941.5207,23.9400005340576,30.9899997711182,0.28,,0.7604
Djibouti,2013,424.961509881339,,2042817162.85639,23.9200000762939,30.1499996185303,0.17,,0.7005
Djibouti,2014,393.148391657684,,2214679081.25658,23.9080009460449,29.1900005340576,0.12,,0.7005
Djibouti,2015,364.857284064063,,2424391785.43897,23.882999420166,28.2099990844727,0.23,,0.7005
Djibouti,2016,407.414266733581,,2604955228.70117,23.882999420166,27.2900009155273,0.64,,0.7005
Djibouti,2017,556.097628852465,,2762581334.22612,23.8600006103516,26.4500007629395,1.15,,0.7005
Djibouti,2018,454.193909718601,,2913466732.12507,23.742000579834,25.4699993133545,2.19,,0.7005
Djibouti,2019,501.857934384136,,3088853638.56832,23.6189994812012,24.5499992370605,2.21,,0.7005
Cote d’ivoire,2000,,,16577533355.4395,61.3050003051758,51.1399993896484,6.46,,0.1635
Cote d’ivoire,2001,,,16810536883.7177,60.7270011901855,51.0099983215332,3.69,,0.1635
Cote d’ivoire,2002,,,18054384023.1093,60.132999420166,50.8699989318848,1.73,,0.1635
Cote d’ivoire,2003,,,21251755293.9537,59.5460014343262,50.689998626709,1.15,,0.1635
Cote d’ivoire,2004,,,23510577108.2304,58.9690017700195,50.2999992370605,1.56,,0.1635
Cote d’ivoire,2005,,,24036917016.59,58.3819999694824,49.9000015258789,3.51,,0.1635
Cote d’ivoire,2006,,,25281414472.9891,57.7919998168945,49.5099983215332,5.15,,0.1635
Cote d’ivoire,2007,,,28760092034.4723,57.2029991149902,49.0400009155273,5.27,,0.1635
Cote d’ivoire,2008,,,34078243426.009,56.617000579834,48.5400009155273,2.96,,0.1635
Cote d’ivoire,2009,,,33886814907.0346,56.0299987792969,47.9300003051758,0.56,,0.1635
Cote d’ivoire,2010,,,34936305296.9689,55.4329986572266,47.4500007629395,0.31,,0.1635
Cote d’ivoire,2011,,,36693712824.8232,54.8089981079102,47.3300018310547,0.3,,0.1635
Cote d’ivoire,2012,,,36302305578.2487,54.2999992370605,46.2200012207031,0.28,6.25,0.1635
Cote d’ivoire,2013,,,42760237561.4396,55.5690002441406,45.1699981689453,0.17,6.35,0.1635
Cote d’ivoire,2014,,,48843008580.3288,55.4140014648438,44.3300018310547,0.12,,0.1635
Cote d’ivoire,2015,,,45814637971.4745,55.2540016174316,43.5,0.23,5.75,0.1635
Cote d’ivoire,2016,,,47964234560.0514,55.0849990844727,42.75,0.64,,0.1635
Cote d’ivoire,2017,,,51588158717.5348,54.2270011901855,41.8899993896484,1.15,,0.1635
Cote d’ivoire,2018,,,58011466450.8643,54.1559982299805,41.0099983215332,2.19,,0.1635
Cote d’ivoire,2019,,,58539424929.7248,54.0870018005371,40.1500015258789,2.21,,0.1635
Croatia,2000,3524.35009211558,,21807856145.1037,42.5909996032715,16.5200004577637,6.46,,0.4170
Croatia,2001,4703.23510976278,,23259567777.5327,41.8209991455078,16.0100002288818,3.69,,0.4170
Croatia,2002,5884.88820390455,,27085262278.8634,43.4690017700195,15.5500001907349,1.73,,0.4170
Croatia,2003,8190.52309799716,,35022903386.8064,43.2900009155273,16.8700008392334,1.15,,0.7005
Croatia,2004,8758.17730755765,,42013459301.7962,44.1629981994629,16.9699993133545,1.56,,0.7005
Croatia,2005,8800.3164511043,,45835098187.6637,43.3680000305176,17.2999992370605,3.51,,0.7005
Croatia,2006,11487.8408106564,,50915016294.105,43.7150001525879,14.25,5.15,,0.7005
Croatia,2007,13674.5189927939,,60641942979.2183,47.685001373291,12.3500003814697,5.27,,0.7005
Croatia,2008,12957.2866372186,,70943300079.4666,48.5890007019043,12.8199996948242,2.96,,0.7005
Croatia,2009,14894.5145322478,,63324394633.9008,48.2330017089844,13.3199996948242,0.56,,0.7005
Croatia,2010,14132.5064001205,,60672093864.787,46.4700012207031,14.25,0.31,,0.7005
Croatia,2011,14483.8052618585,,63408294943.4855,44.7480010986328,14.5900001525879,0.3,,0.7005
Croatia,2012,14807.13432134,,57369359295.2829,43.1870002746582,12.25,0.28,,0.7005
Croatia,2013,17766.7734402298,,59032066091.7147,42.0699996948242,10.789999961853,0.17,,0.7005
Croatia,2014,15423.6207156123,,58423981441.1801,43.306999206543,9.52000045776367,0.12,,0.7005
Croatia,2015,14966.8946234156,,50242783066.1173,44.1980018615723,9.22999954223633,0.23,,0.7005
Croatia,2016,14244.3451982049,,52397494687.4863,44.5970001220703,7.59999990463257,0.64,,0.7005
Croatia,2017,18818.2159988714,,56323836169.7177,45.8250007629395,6.98000001907349,1.15,,0.7005
Croatia,2018,19991.3049278836,,62316840749.9705,46.875,6.23999977111816,2.19,,0.7005
Croatia,2019,20770.6365996909,,62327983579.5899,47.7169990539551,6.19000005722046,2.21,,0.7005
"Congo, Democratic Republic of the",2000,82.5,,19088046305.7971,70.3430023193359,73.4599990844727,6.46,,0.2234
"Congo, Democratic Republic of the",2001,82.5,,7438189100.33333,70.3779983520508,73.4199981689453,3.69,,0.2234
"Congo, Democratic Republic of the",2002,73.8583965161329,,8728038525.14033,70.4059982299805,73.1699981689453,1.73,,0.1635
"Congo, Democratic Republic of the",2003,97.75733584787,,8937567059.87754,70.4250030517578,72.8099975585938,1.15,,0.1635
"Congo, Democratic Republic of the",2004,236.242009298167,,10297483481.223,70.4380035400391,72.3199996948242,1.56,,0.1635
"Congo, Democratic Republic of the",2005,131.200257922625,,11964484667.9102,70.443000793457,71.870002746582,3.51,,0.1635
"Congo, Democratic Republic of the",2006,154.503797163646,,14451902467.9315,69.4240036010742,71.4499969482422,5.15,,0.1635
"Congo, Democratic Republic of the",2007,180.67743698623,,16737071816.38,68.3939971923828,70.9199981689453,5.27,,0.1635
"Congo, Democratic Republic of the",2008,77.7333704394543,,19788515873.8942,67.3509979248047,70.4400024414063,2.96,,0.1635
"Congo, Democratic Republic of the",2009,1035.38138791635,,18648373312.4241,66.2870025634766,70.0899963378906,0.56,,0.1635
"Congo, Democratic Republic of the",2010,1299.65204101224,,21565720044.4634,65.2300033569336,69.5400009155273,0.31,,0.1635
"Congo, Democratic Republic of the",2011,1267.50030299162,,25839749198.8233,64.1520004272461,68.9599990844727,0.3,,0.1635
"Congo, Democratic Republic of the",2012,1632.55164422764,,29306235826.3886,63.064998626709,68.3399963378906,0.28,,0.1635
"Congo, Democratic Republic of the",2013,1678.46531180225,,32679745297.6453,63.0839996337891,67.6100006103516,0.17,,
"Congo, Democratic Republic of the",2014,1556.98297784139,,35909040265.9328,63.0919990539551,66.8099975585938,0.12,,
"Congo, Democratic Republic of the",2015,1215.93455145168,,37917704900.0794,63.0810012817383,66.1500015258789,0.23,,
"Congo, Democratic Republic of the",2016,708.160749155332,,37134799974.5225,63.0740013122559,65.8000030517578,0.64,,
"Congo, Democratic Republic of the",2017,695.398161997957,,38019265625.8845,63.068000793457,65.379997253418,1.15,,
"Congo, Democratic Republic of the",2018,665.272094992908,,47568210068.5137,63.0509986877441,64.8099975585938,2.19,,0.1635
"Congo, Democratic Republic of the",2019,1194.37348464689,,51775830725.8441,63.0139999389648,64.3000030517578,2.21,,0.1635
Dominica,2000,29.3727867374406,,333470370.37037,,,6.46,,0.1635
Dominica,2001,31.2245177425111,,340203703.703704,,,3.69,,0.1635
Dominica,2002,45.4974236565735,,333196296.296296,,,1.73,,0.1635
Dominica,2003,47.735245631936,,343311111.111111,,,1.15,,0.1635
Dominica,2004,42.3218345559941,,367200000,,,1.56,,0.1635
Dominica,2005,49.17219672641,,364255555.555555,,,3.51,,0.4170
Dominica,2006,63.0471002578612,,390251851.851852,,,5.15,,0.4170
Dominica,2007,60.522068624978,,421374074.074074,,,5.27,,0.4170
Dominica,2008,55.1500833599292,,458188888.888889,,,2.96,,0.7005
Dominica,2009,75.4640326940291,,489074074.074074,,,0.56,,0.4170
Dominica,2010,76.0997412908616,,493825925.925926,,,0.31,,0.4170
Dominica,2011,81.1209342699267,,501025925.925926,,,0.3,,0.4170
Dominica,2012,94.5623153820093,,485996296.296296,,,0.28,,0.4170
Dominica,2013,87.0508860260666,,498296296.296296,,,0.17,,0.4170
Dominica,2014,101.447737686139,,520207407.407407,,,0.12,,0.4170
Dominica,2015,126.225919300594,,540737037.037037,,,0.23,,0.4170
Dominica,2016,221.907763515912,,576229629.62963,,,0.64,,0.4170
Dominica,2017,212.292574606832,,521551851.851852,,,1.15,,0.4170
Dominica,2018,191.32360830539,,554770370.37037,,,2.19,,0.4170
Dominica,2019,155.172395260191,,611537037.037037,,,2.21,,0.4170
Dominican Republic,2000,627.192942125822,,24305717541.6371,54.7480010986328,15.6000003814697,6.46,,0.1198
Dominican Republic,2001,1099.47573892325,,25601765400.5152,53.1209983825684,14.3900003433228,3.69,,0.0599
Dominican Republic,2002,468.41279371139,,27137508656.8522,53.6669998168945,15.2200002670288,1.73,,0.0599
Dominican Republic,2003,271.90994378349,,21403167848.1444,52.7000007629395,14.2700004577637,1.15,,0.4470
Dominican Republic,2004,818.409602968921,,22322395368.0274,53.2680015563965,14.2399997711182,1.56,,0.4470
Dominican Republic,2005,1920.46804676764,,35777570135.5225,52.8889999389648,13.6800003051758,3.51,,0.7005
Dominican Republic,2006,2263.79016810921,,37879869897.8979,54.0629997253418,13.6899995803833,5.15,,0.7604
Dominican Republic,2007,3029.51031131634,,43965420072.4107,54.257999420166,12.8500003814697,5.27,,0.8203
Dominican Republic,2008,2678.59707916656,,48122547177.1881,54.8489990234375,12.6800003051758,2.96,,0.8802
Dominican Republic,2009,3560.28179574604,,48261033298.2133,52.4360008239746,13.1300001144409,0.56,,0.8802
Dominican Republic,2010,3848.74371877531,,53860175555.9961,53.7550010681152,12.4200000762939,0.31,,0.9401
Dominican Republic,2011,4086.41816135283,,58029750745.6495,54.6180000305176,12.039999961853,0.3,,0.9401
Dominican Republic,2012,3528.19718241412,,60681537195.7996,55.4360008239746,11.3599996566772,0.28,,0.8802
Dominican Republic,2013,4678.58897601792,,62682163837.347,54.9140014648438,11.0799999237061,0.17,,0.8203
Dominican Republic,2014,4839.72059588809,,67179914026.9623,55.5299987792969,11.2600002288818,0.12,,0.8203
Dominican Republic,2015,5246.64959425313,,71164825256.6849,57.2910003662109,9.72000026702881,0.23,,0.7604
Dominican Republic,2016,6113.26202035062,,75704720189.5607,57.9039993286133,8.93000030517578,0.64,,0.7005
Dominican Republic,2017,6849.18498530285,,79997975621.8654,58.734001159668,9.57999992370605,1.15,,0.7604
Dominican Republic,2018,7694.1125057843,,85555378042.8197,60.0330009460449,9.32999992370605,2.19,,0.8203
Dominican Republic,2019,8843.07747835982,,88941299733.5018,61.0439987182617,8.77999973297119,2.21,,0.8203
Ecuador,2000,946.926261644739,,18327764882.4412,62.7960014343262,29.8299999237061,6.46,,0.4170
Ecuador,2001,839.767943475717,,24468324000,62.9570007324219,29.6499996185303,3.69,,0.4170
Ecuador,2002,714.626724675629,,28548945000,62.3310012817383,29.7099990844727,1.73,,0.4170
Ecuador,2003,812.578785546265,,32432858000,61.6319999694824,29.7999992370605,1.15,,0.4769
Ecuador,2004,1069.60934203766,,36591661000,64.0970001220703,30.4400005340576,1.56,,0.8203
Ecuador,2005,1714.23166652374,,41507085000,64.447998046875,30.3500003814697,3.51,,0.8802
Ecuador,2006,1489.48716335999,,46802044000,65.5380020141602,29.6200008392334,5.15,,0.9401
Ecuador,2007,2816.38159857904,,51007777000,64.6729965209961,28.4899997711182,5.27,,1.0000
Ecuador,2008,3738.15305427756,,61762635000,63.9410018920898,27.9599990844727,2.96,,1.0000
Ecuador,2009,2873.1847316349,,62519686000,61.0589981079102,28.5400009155273,0.56,,0.9401
Ecuador,2010,1434.84585638252,,69555367000,60.1160011291504,27.8799991607666,0.31,,0.8802
Ecuador,2011,1664.30438364451,,79276664000,59.6419982910156,27.9099998474121,0.3,,0.5668
Ecuador,2012,1079.95614368357,,87924544000,60.4329986572266,27.9799995422363,0.28,,0.5069
Ecuador,2013,3328.03783346757,,95129659000,60.3419990539551,26.6499996185303,0.17,,0.4470
Ecuador,2014,3484.14001773337,,101726331000,60.4410018920898,25.2800006866455,0.12,,0.4470
Ecuador,2015,2085.43059956405,,99290381000,63.2830009460449,26.1900005340576,0.23,,0.7005
Ecuador,2016,3781.14247005677,,99937696000,64.556999206543,26.9400005340576,0.64,,0.7005
Ecuador,2017,1678.1947066482,,104295862000,65.5329971313477,27.6900005340576,1.15,,0.7005
Ecuador,2018,1896.1016751971,,107562008000,64.306999206543,28.8299999237061,2.19,,0.7005
Ecuador,2019,1865.09098511069,,108108009000,63.6590003967285,29.7399997711182,2.21,,0.7005
Egypt,2000,13117.578467624,,99838543960.0763,42.0719985961914,29.6299991607666,6.46,,0.8365
Egypt,2001,12925.7860404969,,96684636118.5984,40.7690010070801,28.5400009155273,3.69,,1.0000
Egypt,2002,13242.410675248,,85146067415.7303,38.867000579834,27.5200004577637,1.73,,1.0000
Egypt,2003,13588.7318091242,,80288461538.4615,39.2709999084473,29.8700008392334,1.15,,0.7165
Egypt,2004,14273.2019188957,,78782467532.4675,40.4210014343262,31.8299999237061,1.56,,1.0000
Egypt,2005,20609.0555555556,,89600665557.4043,40.8660011291504,30.9400005340576,3.51,,1.0000
Egypt,2006,24461.5575373543,,107426086956.522,42.0429992675781,31.2299995422363,5.15,,1.0000
Egypt,2007,30187.7056013476,,130437828371.278,43.7120018005371,31.7600002288818,5.27,,1.0000
Egypt,2008,32216.1427983926,,162818181818.182,43.4990005493164,31.6900005340576,2.96,,1.0000
Egypt,2009,32252.965766342,,189147005444.646,43.5460014343262,29.9599990844727,0.56,,0.9401
Egypt,2010,33611.7356345559,,218983666061.706,45.0449981689453,28.2800006866455,0.31,,0.8802
Egypt,2011,14915.6801104777,,235989672977.625,43.007999420166,29.2399997711182,0.3,,0.8203
Egypt,2012,11627.5435547728,,279116666666.667,42.3800010681152,27.0699996948242,0.28,,0.5069
Egypt,2013,13608.0973264074,,288434108527.132,42.0699996948242,27.9599990844727,0.17,,0.1635
Egypt,2014,11995.2120517397,,305595408895.265,41.8160018920898,27.5499992370605,0.12,,0.1635
Egypt,2015,13282.0273257756,,329366576819.407,40.8489990234375,25.8199996948242,0.23,,0.1635
Egypt,2016,20858.1547059678,,332441717791.411,40.8870010375977,25.5699996948242,0.64,,0.1635
Egypt,2017,33213.9171188055,,235733695652.174,39.726001739502,25.0499992370605,1.15,,0.4170
Egypt,2018,38609.4110651377,,249712999437.254,39.0929985046387,21.6599998474121,2.19,,0.4170
Egypt,2019,40685.3677855569,,303080865603.645,38.9010009765625,20.6200008392334,2.21,,0.4170
El Salvador,2000,1772.56313518711,,11784927700,54.9980010986328,21.6100006103516,6.46,,1.0000
El Salvador,2001,1593.71138495644,,12282533600,54.4930000305176,21.7999992370605,3.69,,1.0000
El Salvador,2002,1472.8166827743,,12664190300,54.6920013427734,19.75,1.73,,1.0000
El Salvador,2003,1790.67816618496,,13243892200,56.4440002441406,18.2399997711182,1.15,,1.0000
El Salvador,2004,1752.40934950117,,13724810900,55.0120010375977,19.1299991607666,1.56,,1.0000
El Salvador,2005,1721.40645547838,,14698000000,54.765998840332,19.9899997711182,3.51,,1.0000
El Salvador,2006,1822.78988697128,,15999890000,55.6040000915527,18.8600006103516,5.15,,1.0000
El Salvador,2007,2108.5239639261,,17011750000,56.0229988098145,18.0200004577637,5.27,,1.0000
El Salvador,2008,2441.64773368893,,17986890000,56.2410011291504,18.6900005340576,2.96,,1.0000
El Salvador,2009,2867.38558606699,,17601620000,55.2700004577637,20.9099998474121,0.56,,0.9401
El Salvador,2010,2568.20818884522,,18447920000,56.6180000305176,20.7800006866455,0.31,,0.8802
El Salvador,2011,2151.45641176904,,20283780000,56.931999206543,21.6000003814697,0.3,,0.8203
El Salvador,2012,2804.92331968549,,21386150000,57.6319999694824,20.9699993133545,0.28,,0.7604
El Salvador,2013,2476.1752257377,,21990960000,58.1510009765625,19.5900001525879,0.17,,0.7005
El Salvador,2014,2430.27062348455,,22593470000,56.7080001831055,18.7600002288818,0.12,,0.7005
El Salvador,2015,2739.83513610091,,23438240000,55.9129981994629,18.1100006103516,0.23,,0.7005
El Salvador,2016,3187.78869981609,,24191430000,56.2080001831055,18.6800003051758,0.64,,0.7005
El Salvador,2017,3510.07966079971,,24979190000,55.9099998474121,18.5799999237061,1.15,,0.7005
El Salvador,2018,3512.27701647393,,26020850000,55.742000579834,16.7099990844727,2.19,,0.7005
El Salvador,2019,4378.65110252269,,26881140000,56.5800018310547,16.2900009155273,2.21,,0.7005
Equatorial Guinea,2000,23.0083886354032,,1045998496.43872,52,45.6399993896484,6.46,,0.1635
Equatorial Guinea,2001,70.8518093335505,,1461139022.02954,51.8650016784668,44.0699996948242,3.69,,0.1635
Equatorial Guinea,2002,88.5403171327289,,1806742742.27311,51.7080001831055,42.7700004577637,1.73,,0.1635
Equatorial Guinea,2003,237.691328605159,,2484745935.09329,51.617000579834,41.5800018310547,1.15,,0.1635
Equatorial Guinea,2004,944.982405389843,,4410764338.66733,51.609001159668,40.3699989318848,1.56,,0.1635
Equatorial Guinea,2005,2102.49466213149,,8217369092.65224,51.5550003051758,39.4099998474121,3.51,,0.1635
Equatorial Guinea,2006,3066.73931860916,,10086528698.8604,51.5180015563965,38.7200012207031,5.15,,0.1635
Equatorial Guinea,2007,3845.916299732,,13071718758.7373,51.4879989624023,37.8899993896484,5.27,,0.1635
Equatorial Guinea,2008,4431.19181606264,,19749893536.3204,51.5190010070801,37.2099990844727,2.96,,0.1635
Equatorial Guinea,2009,3251.93792622841,,15027795173.2187,51.443000793457,37.0999984741211,0.56,,0.1635
Equatorial Guinea,2010,2346.35521601319,,16314442183.3477,51.2449989318848,37.189998626709,0.31,,0.1635
Equatorial Guinea,2011,3053.84057159284,,21357344847.4966,51.257999420166,37.1100006103516,0.3,,0.1635
Equatorial Guinea,2012,4396.97937735143,,22388345810.2466,51.2669982910156,37.2099990844727,0.28,,0.1635
Equatorial Guinea,2013,4566.53748110375,,21948835350.3425,51.2669982910156,37.5200004577637,0.17,,0.1635
Equatorial Guinea,2014,2906.84339077255,,21765454404.421,51.2330017089844,37.810001373291,0.12,,0.1635
Equatorial Guinea,2015,1205.15451565311,,13185496836.4124,51.1479988098145,38.3600006103516,0.23,,0.1635
Equatorial Guinea,2016,62.3074441358487,,11240809132.4145,51.0800018310547,38.8600006103516,0.64,,0.1635
Equatorial Guinea,2017,45.5029251067975,,12200912828.3695,51.0270004272461,39.189998626709,1.15,,0.1635
Equatorial Guinea,2018,48.9298136121629,,13097011143.2874,50.9970016479492,39.1500015258789,2.19,,0.1635
Equatorial Guinea,2019,40.8168345967151,,11364133801.8914,50.9259986877441,39.5099983215332,2.21,,0.1635
Eritrea,2000,25.5161577773838,,706370815.584416,75.8960037231445,67.9700012207031,6.46,,0.4170
Eritrea,2001,39.7551145791811,,752368495.512622,75.6940002441406,67.5299987792969,3.69,,0.1635
Eritrea,2002,30.2825319211627,,729321366.651861,75.4779968261719,67.4499969482422,1.73,,0.1635
Eritrea,2003,24.7077719703722,,870247703.182758,75.3330001831055,67.7600021362305,1.15,,0.0000
Eritrea,2004,34.7468465868961,,1109054005.43971,75.2750015258789,67.8300018310547,1.56,,0.1635
Eritrea,2005,27.9441990527694,,1098425900.74116,75.1630020141602,67.7900009155273,3.51,,0.1635
Eritrea,2006,23.576837334928,,1211161879.6748,75.1760025024414,67.8600006103516,5.15,,0.1635
Eritrea,2007,32.4076296596727,,1317974491.05691,75.2030029296875,67.7200012207031,5.27,,0.0000
Eritrea,2008,56.0209722337436,,1380188800,75.2939987182617,68.0599975585938,2.96,,0.0000
Eritrea,2009,90.0106127740805,,1856695551.21951,75.2799987792969,67.6800003051758,0.56,,0.1635
Eritrea,2010,114.149602728927,,1589515447.15447,75.1330032348633,67.3099975585938,0.31,,0.0000
Eritrea,2011,115.328815906209,,2065001626.01626,75.2350006103516,66.5400009155273,0.3,,0.0000
Eritrea,2012,132.764717792848,,,75.3359985351563,66.0999984741211,0.28,,0.0000
Eritrea,2013,133.33804750637,,,75.3929977416992,66.3399963378906,0.17,,0.0000
Eritrea,2014,151.753160388458,,,75.4049987792969,64.9400024414063,0.12,,0.0000
Eritrea,2015,145.070693229695,,,75.3570022583008,65.4800033569336,0.23,,0.0000
Eritrea,2016,145.371150939987,,,75.2570037841797,64.6600036621094,0.64,,0.0000
Eritrea,2017,143.412422685212,,,75.2050018310547,64.8899993896484,1.15,,0.0000
Eritrea,2018,163.03368939269,,,75.1839981079102,63.7599983215332,2.19,,0.0000
Eritrea,2019,191.694416403147,,,75.1009979248047,63.1199989318848,2.21,,0.0000
Ethiopia,2000,306.319431557217,,8242392103.68061,77.4229965209961,76.6999969482422,6.46,,0.1635
Ethiopia,2001,433.230567383338,,8231326016.47494,77.943000793457,76.9199981689453,3.69,,0.1635
Ethiopia,2002,881.748955869228,,7850809498.16803,78.4329986572266,77.4100036621094,1.73,,0.1635
Ethiopia,2003,955.608348106304,,8623691300.04079,78.9300003051758,78.0100021362305,1.15,3.05,0.1635
Ethiopia,2004,1496.78436217874,,10131187261.4421,79.4739990234375,77.9199981689453,1.56,3.91488095238095,0.1635
Ethiopia,2005,1042.59521218723,,12401139453.9738,79.9700012207031,78.120002746582,3.51,3.97619047619048,0.1635
Ethiopia,2006,867.438393591878,,15280861834.6024,79.9000015258789,77.4300003051758,5.15,4,0.1635
Ethiopia,2007,1289.86549628638,,19707616772.7996,79.8349990844727,76.6500015258789,5.27,4,0.1635
Ethiopia,2008,870.50251019458,,27066912635.2228,79.7639999389648,75.8300018310547,2.96,4,0.1635
Ethiopia,2009,1780.87421424059,,32437389116.038,79.6900024414063,75.0400009155273,0.56,,0.1635
Ethiopia,2010,2241.16455588825,,29933790334.3418,79.6279983520508,74.0400009155273,0.31,,0.1635
Ethiopia,2011,2837.3109584935,,31952763089.33,79.5550003051758,73.0400009155273,0.3,,0.1635
Ethiopia,2012,2301.65554762419,,43310721414.0829,79.4789962768555,72.1100006103516,0.28,,0.1635
Ethiopia,2013,2363.5136073673,,47648211133.2183,79.4120025634766,71.0299987792969,0.17,,0.1635
Ethiopia,2014,3525.24498105226,,55612228233.5179,79.2979965209961,70.2099990844727,0.12,,0.1635
Ethiopia,2015,3826.80716624954,,64589334978.8013,79.1859970092773,69.4000015258789,0.23,,0.1635
Ethiopia,2016,3021.77630717666,,74296618481.0882,79.0910034179688,68.6399993896484,0.64,,0.1635
Ethiopia,2017,3035.19881305231,,81770791970.982,78.9940032958984,67.9000015258789,1.15,,0.1635
Ethiopia,2018,3977.21046990204,,84269348327.3454,78.8919982910156,67.2900009155273,2.19,,0.1635
Ethiopia,2019,2980.51968543951,,95912590628.1412,78.802001953125,66.629997253418,2.21,,0.1635
Fiji,2000,411.794361196278,,1678239218.26553,56.4780006408691,31.0799999237061,6.46,,0.1635
Fiji,2001,366.162504088454,,1652464201.00149,56.3779983520508,30.2900009155273,3.69,,0.1635
Fiji,2002,358.660830765189,,1833279985.36741,56.2470016479492,29.8400001525879,1.73,,0.1635
Fiji,2003,423.272906258186,,2300453634.34962,56.0769996643066,29.3400001525879,1.15,,0.1635
Fiji,2004,482.727520013932,,2708078476.63012,55.9819984436035,28.75,1.56,,0.1635
Fiji,2005,320.891281977879,,2980484920.16558,54.5229988098145,28.25,3.51,,0.1635
Fiji,2006,312.791728992363,,3076305452.86506,55.5180015563965,27.5699996948242,5.15,,0.1635
Fiji,2007,527.605571075917,,3378314599.76402,56.4570007324219,27.0699996948242,5.27,,0.1635
Fiji,2008,321.485405007235,,3523185919.55826,57.4420013427734,26.1100006103516,2.96,,0.1635
Fiji,2009,569.135077946111,,2870624635.68032,58.359001159668,25.3600006103516,0.56,,0.1635
Fiji,2010,719.398956765859,,3140181443.83633,59.3559989929199,24.4400005340576,0.31,,0.1635
Fiji,2011,832.228664169776,,3779378133.89916,60.2789993286133,23.7199993133545,0.3,,0.1635
Fiji,2012,919.974720574248,,3972012570.53467,58.9609985351563,22.9699993133545,0.28,,0.1635
Fiji,2013,940.863393425575,,4189915666.57616,57.6879997253418,22.0900001525879,0.17,,0.1635
Fiji,2014,915.201090608289,,4857220601.80003,56.3639984130859,20.8500003814697,0.12,,0.1635
Fiji,2015,917.899350368621,,4682546881.15833,55.7350006103516,19.8799991607666,0.23,,0.1635
Fiji,2016,907.677139760341,,4930204219.71304,55.0929985046387,19.0900001525879,0.64,,0.1635
Fiji,2017,1115.0672044475,,5353404418.66414,54.9970016479492,18.4799995422363,1.15,,0.1635
Fiji,2018,946.371681857671,,5581371847.61641,54.8950004577637,17.9799995422363,2.19,,0.1635
Fiji,2019,1041.78126401736,,5481675173.38012,54.8209991455078,17.6100006103516,2.21,,0.1635
FYR Macedonia,2000,429.378053252449,,3772857145.0248,35.8660011291504,24.5900001525879,6.46,,0.1635
FYR Macedonia,2001,745.166613515375,,3709637829.94866,36.6650009155273,24.3999996185303,3.69,,0.1635
FYR Macedonia,2002,722.028577895241,,4018365247.44444,35.8269996643066,23.9200000762939,1.73,,0.4470
FYR Macedonia,2003,897.665690857271,,4946292774.79046,34.5099983215332,22.0400009155273,1.15,,0.4470
FYR Macedonia,2004,904.966003652673,,5682788267.12865,34.1380004882813,21.4099998474121,1.56,,0.4470
FYR Macedonia,2005,1228.5137783209,,6258600713.82628,33.9729995727539,20.7999992370605,3.51,,0.4470
FYR Macedonia,2006,1750.59727322345,,6861222331.96317,34.556999206543,20.1200008392334,5.15,,0.4470
FYR Macedonia,2007,2082.24997625835,,8336478142.08872,35.476001739502,18.25,5.27,,0.4470
FYR Macedonia,2008,1920.33686104304,,9909548410.82744,36.5110015869141,18.25,2.96,,0.4470
FYR Macedonia,2009,2050.90975233782,,9401731495.71661,37.6269989013672,18.5300006866455,0.56,,0.4470
FYR Macedonia,2010,1970.03202775759,,9407168702.4313,37.8580017089844,18.6200008392334,0.31,,0.4470
FYR Macedonia,2011,2331.41016058149,,10494632699.3859,38.0699996948242,18.7399997711182,0.3,,0.4470
FYR Macedonia,2012,2528.17444744851,,9745251126.0109,38.0559997558594,17.3099994659424,0.28,,0.4470
FYR Macedonia,2013,2484.61092149427,,10817712138.9451,39.6539993286133,18.7399997711182,0.17,,0.4470
FYR Macedonia,2014,2700.53753189497,,11362272837.8818,40.2459983825684,18.4599990844727,0.12,,0.4470
FYR Macedonia,2015,2238.71970378268,,10064515432.0265,40.9420013427734,17.8700008392334,0.23,,0.4470
FYR Macedonia,2016,2498.49807448597,,10672471860.7184,41.8699989318848,16.6299991607666,0.64,,0.4470
FYR Macedonia,2017,2514.73418210472,,11307058382.3435,42.7919998168945,16.2399997711182,1.15,,0.4470
FYR Macedonia,2018,3000.05656554756,,12683070061.4696,43.7439994812012,15.7200002670288,2.19,,0.4470
FYR Macedonia,2019,3312.73400884411,,12606338448.547,45.8959999084473,13.9200000762939,2.21,,0.4470
Gabon,2000,190.09062735093,,5080483463.99928,41.148998260498,40.1100006103516,6.46,,0.1635
Gabon,2001,9.85028028712399,,5023265365.25169,41.1300010681152,39.5699996948242,3.69,,0.1635
Gabon,2002,139.65205677431,,5335451307.54323,41.0750007629395,39.1199989318848,1.73,,0.1635
Gabon,2003,196.571306956198,,6511903657.44009,41.0419998168945,38.5699996948242,1.15,,0.1635
Gabon,2004,443.423494892113,,7770219479.72648,40.9900016784668,38.0999984741211,1.56,,0.1635
Gabon,2005,668.564475166232,,9582783318.3881,40.9599990844727,37.5499992370605,3.51,,0.1635
Gabon,2006,1113.431994719,,10327598800.6713,40.4679985046387,37.2299995422363,5.15,,0.1635
Gabon,2007,1227.24164887598,,12455410055.7483,40.0610008239746,36.560001373291,5.27,,0.1635
Gabon,2008,1923.49168260387,,15571349775.7848,39.5730018615723,36.2900009155273,2.96,,0.1635
Gabon,2009,1993.24139030824,,12113699660.6799,39.1689987182617,35.8699989318848,0.56,,0.1635
Gabon,2010,1735.88313008267,,14372591916.4792,38.8019981384277,35.1800003051758,0.31,,0.1635
Gabon,2011,2157.31687894114,,18210308748.2912,38.7089996337891,34.5099983215332,0.3,,0.1635
Gabon,2012,2351.56230682131,,17170465294.0332,38.6139984130859,33.9099998474121,0.28,,0.1635
Gabon,2013,3003.57313333984,,17595745653.3676,38.5470008850098,33.2999992370605,0.17,,0.1635
Gabon,2014,2478.48038752702,,18203968001.8908,38.4850006103516,32.7200012207031,0.12,,0.1635
Gabon,2015,1863.12098087031,,14383107714.0388,38.4389991760254,32.1399993896484,0.23,,0.1635
Gabon,2016,789.346604519222,,14023890620.3384,38.4710006713867,31.6000003814697,0.64,,0.1635
Gabon,2017,965.054219212037,,14929488770.7315,38.5,31.1100006103516,1.15,,0.1635
Gabon,2018,1321.05108857443,,16867326389.8704,38.5330009460449,30.5900001525879,2.19,,0.1635
Gabon,2019,1371.97383267956,,16874405460.1955,38.5719985961914,29.9599990844727,2.21,,0.1635
"Gambia, The",2000,109.431118885128,,782915402.421096,52.7449989318848,35.3699989318848,6.46,,1.0000
"Gambia, The",2001,106.013174398906,,687408804.630527,52.8009986877441,34.7900009155273,3.69,,1.0000
"Gambia, The",2002,106.877406671452,,578236035.104279,52.8110008239746,34.7700004577637,1.73,,1.0000
"Gambia, The",2003,59.3065590279377,,487038821.611959,52.9150009155273,34.1399993896484,1.15,,1.0000
"Gambia, The",2004,83.7743614655419,,961900106.892751,52.9720001220703,33.4799995422363,1.56,,1.0000
"Gambia, The",2005,98.3128485390224,,1027702254.38664,52.9809989929199,33.3899993896484,3.51,,1.0000
"Gambia, The",2006,120.615997843097,,1054113426.70947,53.0460014343262,33.189998626709,5.15,,1.0000
"Gambia, The",2007,142.78444474383,,1279704744.82781,53.1199989318848,32.7599983215332,5.27,,1.0000
"Gambia, The",2008,116.517122951593,,1561763437.0325,53.1910018920898,32.1399993896484,2.96,,1.0000
"Gambia, The",2009,224.175097050901,,1450140385.97229,53.2490005493164,31.4899997711182,0.56,,1.0000
"Gambia, The",2010,201.627626678787,,1543292392.54605,53.2999992370605,30.8899993896484,0.31,,1.0000
"Gambia, The",2011,223.241852815922,,1409694553.90934,53.2820014953613,31.1100006103516,0.3,,1.0000
"Gambia, The",2012,236.241441119079,,1415006238.09509,53.4059982299805,30.5400009155273,0.28,,1.0000
"Gambia, The",2013,210.553598677805,,1375608956.10386,53.351001739502,30.1100006103516,0.17,,1.0000
"Gambia, The",2014,159.330829415719,,1229460601.92174,53.2849998474121,29.9200000762939,0.12,,1.0000
"Gambia, The",2015,111.040203229818,,1378176868.31568,53.2690010070801,29.3899993896484,0.23,,1.0000
"Gambia, The",2016,87.6355824178872,,1484579844.37143,53.2379989624023,28.9899997711182,0.64,,1.0000
"Gambia, The",2017,169.96997648625,,1504909753.28746,53.2249984741211,28.4099998474121,1.15,,1.0000
"Gambia, The",2018,191.773260980301,,1670670668.59391,53.2019996643066,27.7099990844727,2.19,,1.0000
"Gambia, The",2019,256.957421665427,,1813608279.65044,53.1520004272461,27.0300006866455,2.21,,1.0000
Georgia,2000,115.965903579731,,3057475335.18846,57.1640014648438,52.1699981689453,6.46,,0.7465
Georgia,2001,161.941585492552,,3219488663.77231,58.8209991455078,52.7900009155273,3.69,,0.7465
Georgia,2002,202.176074067156,,3395728013.84524,56.7729988098145,53.7700004577637,1.73,,0.7465
Georgia,2003,196.198029710394,,3991284895.37214,58.4210014343262,54.9000015258789,1.15,,0.7465
Georgia,2004,386.676416886773,,5125365191.98664,56.5960006713867,54,1.56,,0.7465
Georgia,2005,478.637800597655,,6410823633.25426,55.2050018310547,54.3400001525879,3.51,,0.7465
Georgia,2006,930.833393916797,,7745394293.41721,53.7589988708496,55.2999992370605,5.15,,0.7465
Georgia,2007,1361.15650359962,,10172882370.5477,54.8940010070801,53.4300003051758,5.27,,0.7465
Georgia,2008,1480.1575592564,,12795076469.0099,52.1440010070801,51.310001373291,2.96,,0.7465
Georgia,2009,2110.32362628935,,10766836276.5639,51.2130012512207,49.3499984741211,0.56,,0.5830
Georgia,2010,2263.79487328055,,12243505582.6741,52.2610015869141,48.0900001525879,0.31,,0.2995
Georgia,2011,2818.19110112737,,15107441446.7833,53.2210006713867,48.6199989318848,0.3,,0.2995
Georgia,2012,2872.94902440383,,16488403076.3641,54.2760009765625,47.1300010681152,0.28,,0.8365
Georgia,2013,2823.38351608606,,17189551520.9811,54.109001159668,47.3300018310547,0.17,,1.0000
Georgia,2014,2699.16928007028,,17627003454.7205,55.8930015563965,46.060001373291,0.12,,1.0000
Georgia,2015,2520.72132846961,,14953950557.4406,57.423999786377,44.0499992370605,0.23,,1.0000
Georgia,2016,2756.3836629152,,15141758566.7808,57.0620002746582,43.810001373291,0.64,,1.0000
Georgia,2017,3038.76232425157,,16242916915.7203,56.9819984436035,43.1300010681152,1.15,,1.0000
Georgia,2018,3289.4635167195,,17596922469.9152,55.8300018310547,38.9000015258789,2.19,,1.0000
Georgia,2019,3505.82316230974,,17470436258.5131,55.648998260498,38.1500015258789,2.21,,1.0000
Ghana,2000,232.054898386218,,4983024408.14828,66.8059997558594,55.0299987792969,6.46,,0.1635
Ghana,2001,298.239905544189,,5314909953.92992,67.2160034179688,55.0999984741211,3.69,,0.1635
Ghana,2002,539.747049997825,,6166330136.2948,67.6220016479492,55.1199989318848,1.73,,0.1635
Ghana,2003,1352.81405967805,,7632406552.83803,68.0230026245117,55.0999984741211,1.15,,0.1635
Ghana,2004,1626.65125935718,,8881368538.07671,68.4140014648438,55.0499992370605,1.56,21.195,0.1635
Ghana,2005,1752.90404026241,,10744675209.8984,68.7979965209961,54.9599990844727,3.51,20.5375,0.1635
Ghana,2006,2090.29486651141,,20440893017.1566,69.1760025024414,54.9300003051758,5.15,16.4222222222222,0.1635
Ghana,2007,1984.02759767966,,24827844949.6033,68.6910018920898,53.939998626709,5.27,12.7063888888889,0.1635
Ghana,2008,1769.80553749439,,28678701891.0957,68.2429962158203,52.6300010681152,2.96,14.8883333333333,0.1635
Ghana,2009,3386.23483502409,,26048108185.0534,67.7399978637695,51.5099983215332,0.56,16,0.1635
Ghana,2010,4763.20612884547,,32197272797.2028,67.2799987792969,50.1100006103516,0.31,15.14,0.1635
Ghana,2011,5483.38903724248,,39337314809.9434,66.7819976806641,48.3600006103516,0.3,13.425,0.1635
Ghana,2012,5367.51432820187,,41270954737.2459,66.2119979858398,46.8499984741211,0.28,20.4141666666667,0.0000
Ghana,2013,5249.2746263869,,62823043706.4702,65.6579971313477,45.3800010681152,0.17,18.2366666666667,0.0000
Ghana,2014,5224.82327119552,,54782847752.5375,65.0839996337891,40.4099998474121,0.12,24.3366666666667,0.0000
Ghana,2015,5444.78588629529,,49406568432.6711,64.5339965820313,35.1800003051758,0.23,23.5191666666667,0.0000
Ghana,2016,5544.73169616504,,56165172898.8695,65.3870010375977,33.8899993896484,0.64,24.3958333333333,0.0000
Ghana,2017,6650.87065964987,,60406382898.5174,66.25,32.5699996948242,1.15,20.0833333333333,0.0000
Ghana,2018,5934.70791402725,,67299280679.563,66.1640014648438,31.0499992370605,2.19,17.7916666666667,0.0000
Ghana,2019,7135.24734092838,,68337537815.7703,66.0879974365234,29.75,2.21,19.8,0.0000
Grenada,2000,57.66,,520044370.37037,,,6.46,,0.1635
Grenada,2001,63.9413987402541,,520444185.185185,,,3.69,,0.1635
Grenada,2002,87.842777412338,,540336925.925926,,,1.73,,0.1635
Grenada,2003,83.2259177043554,,591018407.407407,,,1.15,,0.1635
Grenada,2004,121.728059742647,,599118592.592593,,,1.56,,0.1635
Grenada,2005,94.2529202097209,,695555555.555556,,,3.51,,0.4170
Grenada,2006,99.9613926337931,,698700666.666667,,,5.15,,0.1635
Grenada,2007,110.569734763708,,758683592.592593,,,5.27,,0.1635
Grenada,2008,105.341634311796,,825976037.037037,,,2.96,,0.1635
Grenada,2009,129.078999922631,,771275555.555556,,,0.56,,0.1635
Grenada,2010,119.154979881368,,771013259.259259,,,0.31,,0.1635
Grenada,2011,120.710917736335,,778655925.925926,,,0.3,,0.1635
Grenada,2012,119.485006792475,,799882259.259259,,,0.28,,0.1635
Grenada,2013,150.571015878707,,842620111.111111,,,0.17,,0.1635
Grenada,2014,169.949409726942,,911500000,,,0.12,,0.1635
Grenada,2015,197.973503320903,,997007407.407407,,,0.23,,0.1635
Grenada,2016,207.689282825893,,1061640740.74074,,,0.64,,0.1635
Grenada,2017,199.125887285472,,1125681481.48148,,,1.15,,0.1635
Grenada,2018,233.815853807382,,1166511111.11111,,,2.19,,0.1635
Grenada,2019,236.325345085472,,1213485185.18519,,,2.21,,0.1635
Gautemala,2000,1746.39663693431,,19288827158.9035,61.2890014648438,39.7700004577637,6.46,,
Gautemala,2001,2292.16059649423,,18405203853.1036,61.2480010986328,37.189998626709,3.69,,
Gautemala,2002,2299.13809737449,,20444205991.025,61.3250007629395,35.4900016784668,1.73,,
Gautemala,2003,2833.21347299472,,21576351798.9145,61.2999992370605,33.5200004577637,1.15,,
Gautemala,2004,3426.28034824634,,23577286226.6407,61.2360000610352,36.1599998474121,1.56,,
Gautemala,2005,3663.84097418746,,26783543667.064,60.9500007629395,34.7599983215332,3.51,,
Gautemala,2006,3914.94699059448,,29744368110.9094,60.7080001831055,33.2299995422363,5.15,,
Gautemala,2007,4129.94188036889,,33567868322.6252,60.4410018920898,33.0299987792969,5.27,,
Gautemala,2008,4461.89155547204,,38503862830.6878,60.0800018310547,33.0400009155273,2.96,,
Gautemala,2009,4963.62369987506,,37125943564.9873,59.7179985046387,33.4599990844727,0.56,,
Gautemala,2010,5636.8135593899,,40676432028.5934,59.4889984130859,33.5,0.31,,
Gautemala,2011,5834.91561317611,,46876114650.4997,59.5060005187988,32.9099998474121,0.3,,
Gautemala,2012,6325.02787058643,,49593961141.7484,59.132999420166,32.2599983215332,0.28,,
Gautemala,2013,7002.28714362926,,52996540703.5943,58.4010009765625,30.8799991607666,0.17,,
Gautemala,2014,7063.61649816639,,57852399963.7878,59.0779991149902,31.5300006866455,0.12,,
Gautemala,2015,7511.02050607283,,62186186575.7433,59.0789985656738,31.8799991607666,0.23,,
Gautemala,2016,8898.6965213824,,66053725049.0138,59.1240005493164,29.3799991607666,0.64,,
Gautemala,2017,11477.7998308297,,71654134378.5299,59.4410018920898,31.7800006866455,1.15,,
Gautemala,2018,12299.1080017733,,73328024537.1848,59.6059989929199,31.7399997711182,2.19,,
Gautemala,2019,14446.5499646684,,77170421167.5134,59.7400016784668,31.2999992370605,2.21,,
Guinea,2000,147.907025591716,,2995361140.63217,61.398998260498,71.4199981689453,6.46,,0.1635
Guinea,2001,200.231346912718,,2829435956.51563,61.4529991149902,70.9899978637695,3.69,,0.1635
Guinea,2002,171.398337955712,,2950198648.95191,61.4889984130859,70.4499969482422,1.73,,0.1635
Guinea,2003,169.970708614615,,3446441698.00738,61.4630012512207,70.0699996948242,1.15,,0.0000
Guinea,2004,110.482184713341,,3635458132.65317,61.4539985656738,69.6900024414063,1.56,,0.0000
Guinea,2005,95.0557099734157,,2937071767.25576,61.4300003051758,69.2600021362305,3.51,,0.1635
Guinea,2006,28.0776941529568,,4220019242.74824,61.3839988708496,68.9300003051758,5.15,,0.0000
Guinea,2007,44.0934114773928,,6281917655.90249,61.3769989013672,68.2799987792969,5.27,,0.0000
Guinea,2008,49.4828965250828,,6964179193.84418,61.3089981079102,67.7600021362305,2.96,,0.0000
Guinea,2009,406.329549421063,,6716904568.76482,61.2169990539551,67.5899963378906,0.56,,0.0000
Guinea,2010,291.533899029617,,6853467857.61127,61.1920013427734,67.0299987792969,0.31,,0.0000
Guinea,2011,936.245875599621,,6785137172.77058,61.1319999694824,66.379997253418,0.3,,0.0000
Guinea,2012,751.098296114676,,7638045254.42864,61.0620002746582,65.6999969482422,0.28,,0.0000
Guinea,2013,845.322228087791,,8376613843.27265,60.9700012207031,65.120002746582,0.17,,0.0000
Guinea,2014,975.398193705927,,8778473614.54728,60.8870010375977,64.5500030517578,0.12,,0.0000
Guinea,2015,572.750223613138,,8794202443.67366,60.8050003051758,63.9799995422363,0.23,,0.0000
Guinea,2016,832.360781437212,,8595955581.21787,60.7330017089844,62.9900016784668,0.64,,0.0000
Guinea,2017,971.114145402434,,10324668266.5921,60.6100006103516,62.0299987792969,1.15,,0.0000
Guinea,2018,1179.20509041573,,11857030336.5252,60.4640007019043,61.3199996948242,2.19,,0.0000
Guinea,2019,1188.59263140332,,13442861443.7506,60.3380012512207,60.6500015258789,2.21,,0.0000
Guinea-Bissau,2000,,,371095510.047761,67.5240020751953,67.6800003051758,6.46,,0.2234
Guinea-Bissau,2001,,,392621385.894576,67.4359970092773,67.5100021362305,3.69,,0.1635
Guinea-Bissau,2002,,,417806667.07798,67.3239974975586,67.4700012207031,1.73,,0.1635
Guinea-Bissau,2003,,,477458598.710737,67.2720031738281,67.3199996948242,1.15,,0.1635
Guinea-Bissau,2004,,,532062927.382438,67.2939987182617,67.0500030517578,1.56,,0.1635
Guinea-Bissau,2005,,,587029054.444652,67.2580032348633,66.6900024414063,3.51,,0.1635
Guinea-Bissau,2006,,,592365688.05204,67.2699966430664,66.4100036621094,5.15,,0.1635
Guinea-Bissau,2007,,,696910810.918663,67.2880020141602,66.0800018310547,5.27,,0.1635
Guinea-Bissau,2008,,,868154708.520179,67.3629989624023,65.6900024414063,2.96,,0.1635
Guinea-Bissau,2009,,,830126469.986608,67.3199996948242,65.3199996948242,0.56,,0.1635
Guinea-Bissau,2010,,,849878424.225986,67.1510009765625,64.870002746582,0.31,,0.1635
Guinea-Bissau,2011,,,1099818651.98114,67.2080001831055,64.2200012207031,0.3,,0.1635
Guinea-Bissau,2012,,,989271229.637162,67.2699966430664,64.0899963378906,0.28,,0.1635
Guinea-Bissau,2013,,,1046087417.96916,67.2929992675781,63.6800003051758,0.17,,0.1635
Guinea-Bissau,2014,,,1054915645.19654,67.2740020751953,63.4000015258789,0.12,,0.1635
Guinea-Bissau,2015,,,1048229629.42039,67.1989974975586,62.8199996948242,0.23,,0.1635
Guinea-Bissau,2016,,,1179004941.22904,67.1240005493164,62.1800003051758,0.64,,0.1635
Guinea-Bissau,2017,,,1350177127.5523,67.0739974975586,61.5699996948242,1.15,,0.1635
Guinea-Bissau,2018,,,1504630120.99275,67.0449981689453,61.060001373291,2.19,,0.1635
Guinea-Bissau,2019,,,1439638443.38133,66.9660034179688,60.4799995422363,2.21,,0.1635
Guyana,2000,304.956640973324,,712667896.727512,50.1590003967285,24.6599998474121,6.46,,1.0000
Guyana,2001,287.255329338608,,712167575.624277,49.8499984741211,23.3799991607666,3.69,,1.0000
Guyana,2002,284.472829483164,,726131434.715339,49.5190010070801,22.1800003051758,1.73,,1.0000
Guyana,2003,276.387312120453,,743064076.794567,49.5509986877441,21.7299995422363,1.15,,1.0000
Guyana,2004,231.844788060818,,787814379.183843,49.5989990234375,21.4200000762939,1.56,,1.0000
Guyana,2005,251.872586363899,,824880550.343965,49.6230010986328,21.6399993896484,3.51,,1.0000
Guyana,2006,279.636390847379,,2379818382.99241,49.689998626709,21.9799995422363,5.15,,1.0000
Guyana,2007,313.007749406008,,2730971150.01134,49.435001373291,21.2900009155273,5.27,,1.0000
Guyana,2008,355.913639674072,,3025187923.58617,49.1479988098145,20.7999992370605,2.96,,1.0000
Guyana,2009,631.410304731452,,3165663152.73351,48.8940010070801,20.3799991607666,0.56,,1.0000
Guyana,2010,782.063529783998,,3432913073.24154,48.6319999694824,20.0499992370605,0.31,,1.0000
Guyana,2011,801.777696093639,,3691384317.52178,48.3769989013672,19.4099998474121,0.3,,1.0000
Guyana,2012,864.028135128365,,4063089191.87525,48.1129989624023,18.9300003051758,0.28,,1.0000
Guyana,2013,783.621040872284,,4167800259.20888,47.8419990539551,18.0400009155273,0.17,,1.0000
Guyana,2014,667.925088815999,,4127659492.02031,47.5690002441406,17.4300003051758,0.12,,1.0000
Guyana,2015,531.887027917001,,4279840193.7046,47.3009986877441,16.9200000762939,0.23,,1.0000
Guyana,2016,580.981472737257,,4482697336.56174,47.0530014038086,16.6800003051758,0.64,,1.0000
Guyana,2017,565.363504401139,,4748174334.14044,46.7910003662109,16.25,1.15,,0.7165
Guyana,2018,518.509369454311,,4787636237.24043,46.5320014953613,15.8900003433228,2.19,,0.7165
Guyana,2019,573.446281433525,,5173760191.84652,46.6749992370605,15.4399995803833,2.21,,0.7165
Haiti,2000,182.14895749891,,6813577558.17628,57.4949989318848,37.75,6.46,,0.7005
Haiti,2001,141.429811952002,,6331961555.40914,56.9160003662109,37.4199981689453,3.69,,0.7005
Haiti,2002,81.7229969951751,,6058134466.75258,56.3540000915527,36.9599990844727,1.73,,0.7005
Haiti,2003,62.0361175006275,,4826827577.08641,55.7999992370605,36.4700012207031,1.15,,0.7604
Haiti,2004,188.499227254247,,6036959914.72398,55.1419982910156,36.2799987792969,1.56,,0.8203
Haiti,2005,218.38494335269,,7184064657.2953,54.6279983520508,35.7200012207031,3.51,,0.8802
Haiti,2006,366.98375138156,,7518107786.51149,54.1189994812012,35.3199996948242,5.15,,0.9401
Haiti,2007,580.919529440742,,9522763153.81366,53.7060012817383,34.8499984741211,5.27,,1.0000
Haiti,2008,704.22382724731,,10485225353.1801,54.3059997558594,34.439998626709,2.96,,1.0000
Haiti,2009,1091.10660880374,,11597014807.3496,55.0470008850098,33.9599990844727,0.56,,1.0000
Haiti,2010,1932.32105298169,,11859315078.7902,55.5279998779297,34.0200004577637,0.31,,1.0000
Haiti,2011,1921.16644680294,,13008754110.8113,56.2089996337891,33.0400009155273,0.3,,1.0000
Haiti,2012,2208.4926224783,,13708926466.2732,56.5340003967285,32.060001373291,0.28,,1.0000
Haiti,2013,2374.00364518146,,14902474090.615,56.6879997253418,31.4799995422363,0.17,,1.0000
Haiti,2014,1890.70282890932,,15139264670.4225,56.7599983215332,30.8899993896484,0.12,,1.0000
Haiti,2015,1840.78019977709,,14833154471.7456,56.7480010986328,30.4099998474121,0.23,,1.0000
Haiti,2016,2015.05801923916,,13987693738.923,56.7760009765625,30.0499992370605,0.64,,1.0000
Haiti,2017,2240.96806493163,,15035560372.6443,56.8030014038086,29.7000007629395,1.15,,1.0000
Haiti,2018,2199.35717005143,,16455034352.7671,56.8199996948242,29.2199993133545,2.19,,1.0000
Haiti,2019,2266.81104705306,,14785839382.9002,56.7140007019043,29.0300006866455,2.21,,1.0000
Honduras,2000,1313.03929543956,,7186650135.43927,61.9080009460449,35.939998626709,6.46,,0.4170
Honduras,2001,1415.56068798416,,7651174661.42872,61.2910003662109,36.939998626709,3.69,,0.4170
Honduras,2002,1524.09972891108,,7858235333.4834,60.7610015869141,38.8300018310547,1.73,,0.4170
Honduras,2003,1430.03080579707,,8230387552.2259,59.4370002746582,37.3600006103516,1.15,,0.4170
Honduras,2004,1970.38283305793,,8869311410.95131,58.492000579834,34.9300003051758,1.56,,0.4170
Honduras,2005,2327.20873281308,,9757034456.7578,58.6419982910156,33.1100006103516,3.51,,0.4170
Honduras,2006,2628.48092568856,,10917481688.4711,57.7229995727539,35.6199989318848,5.15,,0.4170
Honduras,2007,2528.02629249309,,12361257680.5627,57.0670013427734,33.9900016784668,5.27,,0.4170
Honduras,2008,2473.37246490881,,13881701033.6546,57.6969985961914,34.2700004577637,2.96,,0.7005
Honduras,2009,2086.48287329455,,14587496229.1811,58.8089981079102,35.5,0.56,,0.4170
Honduras,2010,2670.77435073571,,15839344591.9842,59.359001159668,36.4500007629395,0.31,,0.1635
Honduras,2011,2749.7704544675,,17710315005.9999,57.060001373291,35.2999992370605,0.3,,0.1635
Honduras,2012,2495.23807399319,,18528601901.324,56.2099990844727,37.0099983215332,0.28,,0.1635
Honduras,2013,2981.87653395856,,18499710127.8385,59.1199989318848,34.5200004577637,0.17,,0.1635
Honduras,2014,3431.75869845498,,19756494434.7031,59.6080017089844,28.8299999237061,0.12,,0.1635
Honduras,2015,3730.88343574215,,20979767785.2104,60.1479988098145,28.7199993133545,0.23,,0.1635
Honduras,2016,3788.20563753589,,21717622071.3816,59.0589981079102,27.3500003814697,0.64,,0.1635
Honduras,2017,4679.39446536306,,23136232229.6069,60.8009986877441,31.9899997711182,1.15,,0.1635
Honduras,2018,4740.70250099891,,24067778953.842,62.7330017089844,30.6700000762939,2.19,,0.1635
Honduras,2019,5710.48608343693,,25089976946.7736,59.5789985656738,29.4899997711182,2.21,,0.1635
India,2000,37902.2446457003,,468394937262.37,54.0190010070801,59.6500015258789,6.46,,0.1635
India,2001,45870.4710839043,,485441014538.638,54.1240005493164,59.0999984741211,3.69,,0.1635
India,2002,67665.4824920604,,514937948870.08,54.2639999389648,58.5999984741211,1.73,,0.1635
India,2003,98937.9107823485,,607699285433.872,54.3120002746582,57.7599983215332,1.15,,0.1635
India,2004,126593.287643343,,709148514804.659,54.4329986572266,56.7799987792969,1.56,,0.1635
India,2005,131924.326287054,,820381595512.902,54.5550003051758,56,3.51,6.9575,0.1635
India,2006,170737.998444448,,940259888792.141,53.7630004882813,55.0800018310547,5.15,7.655,0.1635
India,2007,266988.346673262,,1216735441524.86,52.976001739502,54.1100006103516,5.27,7.97,0.1635
India,2008,247418.901857103,,1198895582137.51,52.2569999694824,53.5099983215332,2.96,7.845,0.1635
India,2009,265181.731677225,,1341886602798.69,51.375,52.5,0.56,6.94833333333333,0.1635
India,2010,275276.605505686,,1675615335600.56,50.5610008239746,51.5200004577637,0.31,7.84506416666667,0.1635
India,2011,271285.421552138,,1823049927772.05,49.7179985046387,49.2599983215332,0.3,8.37251916666667,0.1635
India,2012,270586.506917185,,1827637859506.25,48.8160018920898,47,0.28,8.29416333333333,0.1635
India,2013,276493.267092374,,1856722121394.42,48.2389984130859,46.5,0.17,8.145,0.1635
India,2014,303454.87492727,,2039127446299.3,47.6599998474121,45.8899993896484,0.12,8.55583333333333,0.1635
India,2015,334310.993025188,,2103587813812.75,47.0880012512207,45.2599983215332,0.23,7.76833333333333,0.1635
India,2016,341145.194692363,,2294797980509.01,46.5219993591309,44.560001373291,0.64,7.170725,0.1635
India,2017,389350.147912134,,2651472946375.05,45.9809989929199,43.9300003051758,1.15,6.97,0.1635
India,2018,374425.187183508,,2702929718960.45,45.4230003356934,43.3300018310547,2.19,,0.1635
India,2019,432378.384523969,,2831552222519.99,45.6030006408691,42.5999984741211,2.21,,0.1635
Indonesia,2000,28501.8601114768,,165021012077.81,63.6399993896484,45.2799987792969,6.46,,0.7005
Indonesia,2001,27246.2096803382,,160446947784.909,63.0480003356934,43.7700004577637,3.69,,0.7005
Indonesia,2002,30970.7174974441,,195660611165.183,61.625,44.3400001525879,1.73,,0.7005
Indonesia,2003,34962.3113915962,,234772463823.808,61.2960014343262,46.3800010681152,1.15,,0.7005
Indonesia,2004,34952.4959093168,,256836875295.452,60.8759994506836,43.3300018310547,1.56,,0.7005
Indonesia,2005,33140.4990492525,,285868618224.017,59.2869987487793,44,3.51,,0.7005
Indonesia,2006,41103.1452815939,,364570514304.85,59.3619995117188,42.060001373291,5.15,,0.7005
Indonesia,2007,54976.431523296,,432216737774.861,60.8919982910156,41.2599983215332,5.27,,0.7005
Indonesia,2008,49596.7132213198,,510228634992.258,61.5849990844727,41.0999984741211,2.96,,0.7005
Indonesia,2009,63563.2929681398,,539580085612.402,62.0139999389648,40.4500007629395,0.56,,0.7005
Indonesia,2010,92908.0555840428,,755094160363.071,62.8450012207031,39.1300010681152,0.31,,0.7005
Indonesia,2011,106538.747662435,,892969107923.094,63.4640007019043,37.189998626709,0.3,,0.4170
Indonesia,2012,108837.307833066,,917869910105.749,64.4059982299805,35.9300003051758,0.28,,0.4170
Indonesia,2013,96363.5312390833,,912524136718.018,63.8629989624023,34.9799995422363,0.17,,0.4170
Indonesia,2014,108835.534561997,,890814755233.225,63.9220008850098,34.2799987792969,0.12,,0.4170
Indonesia,2015,103268.247088719,,860854235065.079,63.5769996643066,33.0400009155273,0.23,,0.4170
Indonesia,2016,113493.392851059,,931877364177.742,63.4589996337891,31.8199996948242,0.64,,0.4170
Indonesia,2017,126857.395382957,,1015618742565.81,64.1699981689453,30.7900009155273,1.15,,0.4170
Indonesia,2018,117424.645942922,,1042271531011.99,64.6729965209961,29.6299991607666,2.19,,0.4170
Indonesia,2019,125339.390220657,,1119099868265.25,65.7409973144531,28.5,2.21,,0.4170
Iran,2000,,,109591707802.216,39.0390014648438,24.3999996185303,6.46,,0.0000
Iran,2001,,,126878750295.944,38.9519996643066,24.4699993133545,3.69,,0.1635
Iran,2002,,,128626917503.72,38.9469985961914,24.5,1.73,,0.4470
Iran,2003,,,153544751395.43,39.7519989013672,24.5300006866455,1.15,,0.4470
Iran,2004,,,190043433964.841,40.5270004272461,24.6499996185303,1.56,,0.4470
Iran,2005,,,226452138291.542,40.0740013122559,24.75,3.51,,0.4470
Iran,2006,,,266298911661.144,39.4360008239746,23.1800003051758,5.15,,0.4470
Iran,2007,,,349881601458.56,38.9580001831055,22.8099994659424,5.27,,0.4470
Iran,2008,,,412336172446.849,37.0349998474121,21.2099990844727,2.96,,0.4470
Iran,2009,,,416397025729.361,37.2389984130859,20.8600006103516,0.56,,0.4470
Iran,2010,,,486807615326.147,35.9090003967285,19.2199993133545,0.31,,0.4470
Iran,2011,,,626133114526.806,34.9949989318848,18.8099994659424,0.3,,0.4470
Iran,2012,,,644035510447.901,35.5830001831055,18.4899997711182,0.28,,0.2835
Iran,2013,,,492775565649.562,36.2430000305176,18.2399997711182,0.17,,0.2835
Iran,2014,,,460382791826.34,35.9329986572266,17.8899993896484,0.12,,0.2835
Iran,2015,,,408212918053.939,36.7309989929199,18.0300006866455,0.23,,0.2835
Iran,2016,,,457954614142.539,37.2150001525879,17.9799995422363,0.64,,0.2835
Iran,2017,,,486630146443.617,38.390998840332,17.5799999237061,1.15,,0.0000
Iran,2018,,,331682036227.963,38.6629981994629,17.6900005340576,2.19,,0.0000
Iran,2019,,,283746685180.338,38.9980010986328,17.3700008392334,2.21,,0.0000
Iraq,2000,6744.7,,48364250943.9051,38.4210014343262,28.7099990844727,6.46,,0.1635
Iraq,2001,6744.7,,36176430128.8057,38.3370018005371,28.1900005340576,3.69,,0.1635
Iraq,2002,6744.7,,32928454672.4246,38.2680015563965,27.75,1.73,,0.1635
Iraq,2003,6744.7,,21921569478.8163,38.2319984436035,27.3400001525879,1.15,,
Iraq,2004,7824.09082607561,,36627901762.063,38.2700004577637,26.7600002288818,1.56,,
Iraq,2005,12104.0909535845,,49954890353.2609,38.1790008544922,26.1399993896484,3.51,,
Iraq,2006,19931.8675076273,,65140147197.1215,38.1520004272461,25.5300006866455,5.15,,
Iraq,2007,31297.6196168846,,88837055195.262,38.1020011901855,24.9400005340576,5.27,,
Iraq,2008,49937.7826427432,,131614433712.245,38.0390014648438,24.3199996948242,2.96,,
Iraq,2009,44127.5217220345,,111657581662.35,37.9449996948242,23.7600002288818,0.56,,
Iraq,2010,50357.0411224042,,138516722649.573,37.8720016479492,23.0799999237061,0.31,,
Iraq,2011,60744.375869203,,185749664444.444,37.7929992675781,22.5699996948242,0.3,,
Iraq,2012,68733.3781741853,,218002481737.691,37.7270011901855,21.8899993896484,0.28,,
Iraq,2013,76112.2046407643,,234637675128.645,38.0699996948242,21.3099994659424,0.17,,
Iraq,2014,62798.9137627842,,228415656174.957,38.3839988708496,20.8199996948242,0.12,,
Iraq,2015,50930.9031224223,,166774109673.732,38.423999786377,20.3899993896484,0.23,,
Iraq,2016,41989.3797294279,,166602488747.885,38.4809989929199,19.7600002288818,0.64,,
Iraq,2017,45571.3273103268,,187217660050.676,36.4360008239746,19.2900009155273,1.15,,
Iraq,2018,60752.4143250406,,227367469034.031,36.6380004882813,18.8199996948242,2.19,,
Iraq,2019,63303.6059262097,,233636097800.338,36.6319999694824,18.2700004577637,2.21,,
Jamaica,2000,1053.69004786883,,9005064474.93003,53.8040008544922,20.8600006103516,6.46,,1.0000
Jamaica,2001,1900.54127465785,,9194717835.99985,53.5089988708496,20.7700004577637,3.69,,1.0000
Jamaica,2002,1645.09913507986,,9719017925.92929,53.5340003967285,20.1299991607666,1.73,,1.0000
Jamaica,2003,1194.86026203599,,9430230564.4699,54.6129989624023,20.3899993896484,1.15,,1.0000
Jamaica,2004,1846.47913037806,,10174664853.9476,56.4140014648438,18.4899997711182,1.56,,1.0000
Jamaica,2005,2169.80602578395,,11243868485.7428,57.273998260498,18.1100006103516,3.51,,1.0000
Jamaica,2006,2318.42901389466,,11930171468.3796,58.1310005187988,18.2800006866455,5.15,,1.0000
Jamaica,2007,1878.51393868574,,12799593017.7101,58.7529983520508,18.3999996185303,5.27,,0.9401
Jamaica,2008,1772.71240705834,,13709402085.3206,58.367000579834,18.1499996185303,2.96,,0.8802
Jamaica,2009,2075.84075789433,,12120460872.8003,56.3129997253418,18.0200004577637,0.56,,0.8203
Jamaica,2010,2501.09487587813,,13220556882.7046,54.6459999084473,17.8199996948242,0.31,,0.7604
Jamaica,2011,2281.90963003741,,14444655299.8772,54.3880004882813,17.5900001525879,0.3,,0.7005
Jamaica,2012,1996.44794735127,,14807086889.2099,53.2690010070801,18.2399997711182,0.28,,0.7005
Jamaica,2013,1818.36378217835,,14264202737.3083,53.4090003967285,18.25,0.17,,0.7005
Jamaica,2014,2473.01090482091,,13899228824.2161,54.1889991760254,18.4200000762939,0.12,,0.7005
Jamaica,2015,2913.83519589151,,14188935947.5694,54.6180000305176,17.75,0.23,,0.7005
Jamaica,2016,3291.46802215921,,14077109396.8584,56.2270011901855,16.6299991607666,0.64,,0.7005
Jamaica,2017,3781.16755810295,,14808989993.3185,57.5110015869141,16.7800006866455,1.15,,0.4170
Jamaica,2018,3532.03968005605,,15730793852.7913,58.2120018005371,16.2299995422363,2.19,,0.4170
Jamaica,2019,3631.08925840452,,15830768549.8916,59.6599998474121,15.2200002670288,2.21,,0.4170
Jordan,2000,3331.2836292237,,8460789844.8519,34.726001739502,4.19000005722046,6.46,,0.9401
Jordan,2001,3062.23935298524,,8975599435.82511,34.2200012207031,4.05999994277954,3.69,,1.0000
Jordan,2002,3975.92020550553,,9582510578.27927,33.8559989929199,3.9300000667572,1.73,,1.0000
Jordan,2003,5194.28859785337,,10195627644.5698,34.1269989013672,4.03000020980835,1.15,,1.0000
Jordan,2004,5266.61872833555,,11411706629.055,33.8860015869141,4.1100001335144,1.56,,1.0000
Jordan,2005,5250.31779578652,,12588998589.5628,33.625,3.98000001907349,3.51,,1.0000
Jordan,2006,6721.97158846786,,15056981664.3159,33.7830009460449,3.84999990463257,5.15,,1.0000
Jordan,2007,7541.9975961265,,17110437235.543,33.9970016479492,3.72000002861023,5.27,,1.0000
Jordan,2008,8561.61732926497,,22657662394.9553,34.0690002441406,3.59999990463257,2.96,,1.0000
Jordan,2009,11689.2840714804,,24537876123.688,33.9939994812012,3.48000001907349,0.56,,1.0000
Jordan,2010,13056.7285380758,,27133804244.3669,34.3009986877441,3.38000011444092,0.31,,1.0000
Jordan,2011,11467.2505334281,,29524149164.8994,34.2900009155273,3.27999997138977,0.3,,1.0000
Jordan,2012,8089.51401345112,,31634561670.4356,34.7190017700195,3.1800000667572,0.28,,1.0000
Jordan,2013,13223.7859481698,,34454440180.6582,34.701000213623,3.07999992370605,0.17,,1.0000
Jordan,2014,15299.4861765456,,36847643587.2383,35.0919990539551,2.98000001907349,0.12,,1.0000
Jordan,2015,15162.0949826299,,38587017944.3352,34.7449989318848,2.88000011444092,0.23,,1.0000
Jordan,2016,14019.4072104578,,39892551148.8301,33.9700012207031,2.77999997138977,0.64,,1.0000
Jordan,2017,,,41608435921.7904,32.9000015258789,2.6800000667572,1.15,,1.0000
Jordan,2018,,,43370860549.1337,32.0050010681152,2.57999992370605,2.19,,1.0000
Jordan,2019,,,44993992365.1297,32.6440010070801,2.47000002861023,2.21,,1.0000
Kazakhstan,2000,1594.1174215851,,18291994909.0044,61.814998626709,36.439998626709,6.46,,0.1635
Kazakhstan,2001,1997.21241077122,,22152694161.8882,63.0550003051758,35.5200004577637,3.69,,0.1635
Kazakhstan,2002,2555.29014276873,,24636593223.3467,63.5690002441406,35.4799995422363,1.73,,0.1635
Kazakhstan,2003,4236.20234972326,,30833699702.7594,63.8720016479492,35.25,1.15,,0.1635
Kazakhstan,2004,8473.10307851889,,43151647002.6096,63.992000579834,33.5,1.56,,0.1635
Kazakhstan,2005,6084.19542039854,,57123671733.8952,63.8040008544922,32.4099998474121,3.51,,0.1635
Kazakhstan,2006,17750.8169920635,,81003884545.4099,64.2519989013672,31.5400009155273,5.15,,0.1635
Kazakhstan,2007,15776.7582919133,,104849886825.584,65.2799987792969,31.2199993133545,5.27,,0.1635
Kazakhstan,2008,17871.462601824,,133441612246.798,66.4140014648438,30.1599998474121,2.96,,0.1635
Kazakhstan,2009,20719.7935000956,,115308661142.927,65.4520034790039,29.0200004577637,0.56,,0.1635
Kazakhstan,2010,25222.7421220693,,148047348240.643,66.3000030517578,28.2800006866455,0.31,,0.1635
Kazakhstan,2011,25179.1102413647,,192626507971.584,66.6470031738281,26.4500007629395,0.3,,0.1635
Kazakhstan,2012,22131.5461733606,,207998568865.789,66.7959976196289,25.5400009155273,0.28,,0.1635
Kazakhstan,2013,19126.5707092453,,236634552078.102,66.9380035400391,24.1900005340576,0.17,,0.1635
Kazakhstan,2014,21813.960379133,,221415572819.5,67.1699981689453,20.9699993133545,0.12,,0.1635
Kazakhstan,2015,20294.7571507029,,184388432148.715,67.3949966430664,18.0100002288818,0.23,,0.1635
Kazakhstan,2016,20095.9573283236,,137278320084.171,66.6009979248047,17.2600002288818,0.64,,0.1635
Kazakhstan,2017,18248.7874670745,,166805800595.704,65.8570022583008,16.5599994659424,1.15,,0.1635
Kazakhstan,2018,16536.0580895061,,179339994859.384,66.7289962768555,15.7700004577637,2.19,,0.1635
Kazakhstan,2019,10082.1623642103,,181667190075.541,66.7160034179688,14.8599996566772,2.21,,0.2234
Kenya,2000,897.735792728211,,12705357103.0056,70.3209991455078,48.7299995422363,6.46,,0.7005
Kenya,2001,1064.85661582776,,12986007425.8781,70.4619979858398,51.5,3.69,,0.7005
Kenya,2002,1067.96916234882,,13147743910.7241,70.5739974975586,54.2799987792969,1.73,,0.7005
Kenya,2003,1481.90853364118,,14904517649.8476,70.7109985351563,56.7599983215332,1.15,,0.7005
Kenya,2004,1519.31969693683,,16095337093.8366,70.8460006713867,58.9300003051758,1.56,,0.7005
Kenya,2005,1798.83141282813,,18737897744.7948,70.9759979248047,61.060001373291,3.51,,0.7005
Kenya,2006,2415.75539293319,,25825524820.8064,71.1039962768555,61.1399993896484,5.15,,0.7005
Kenya,2007,3355.00214079063,,31958195182.2406,71.2320022583008,60.9700012207031,5.27,,0.7005
Kenya,2008,2878.51648048375,,35895153327.8497,71.3290023803711,61.1100006103516,2.96,,0.7005
Kenya,2009,3848.95705892698,,42347217912.9176,71.4680023193359,60.939998626709,0.56,,0.7005
Kenya,2010,4320.15574901272,,45405587556.7313,71.6159973144531,60.3199996948242,0.31,,0.7005
Kenya,2011,4264.38020981446,,46869457318.2541,71.7310028076172,59.7400016784668,0.3,,0.7005
Kenya,2012,5710.99932495431,,56396706005.9435,71.8499984741211,59.2200012207031,0.28,,0.7005
Kenya,2013,6598.15916891412,,61671425370.0235,71.9810028076172,58.5900001525879,0.17,,0.7005
Kenya,2014,7873.69083236248,,68285768554.472,72.1039962768555,57.939998626709,0.12,,0.7005
Kenya,2015,7514.22890705536,,70120413328.7838,72.2310028076172,57.2599983215332,0.23,,0.7005
Kenya,2016,7553.1973726237,,74815121314.9381,72.3560028076172,56.5299987792969,0.64,,0.7005
Kenya,2017,7324.64216333911,,82035800868.187,71.6709976196289,55.8600006103516,1.15,,0.7005
Kenya,2018,8163.61181622987,,92202956320.532,70.995002746582,55.0800018310547,2.19,,0.7005
Kenya,2019,9114.89220521186,,100379713697.421,70.2979965209961,54.3400001525879,2.21,,0.7005
Kiribati,2000,,,67254174.3970315,,,6.46,,0.7005
Kiribati,2001,,,63101272.3699183,,,3.69,,0.7005
Kiribati,2002,,,72196457.6768445,,,1.73,,0.7005
Kiribati,2003,,,90231856.8000519,,,1.15,,0.7005
Kiribati,2004,,,102367039.270481,,,1.56,,0.7005
Kiribati,2005,,,112133944.253532,,,3.51,,0.7005
Kiribati,2006,,,110234939.759036,,,5.15,,
Kiribati,2007,,,132671742.950381,,,5.27,,
Kiribati,2008,,,141042610.300285,,,2.96,,
Kiribati,2009,,,132419903.291218,,,0.56,,
Kiribati,2010,,,155299761.511649,,,0.31,,
Kiribati,2011,,,180665807.117071,,,0.3,,
Kiribati,2012,,,189630151.170015,,,0.28,,
Kiribati,2013,,,184550782.004248,,,0.17,,
Kiribati,2014,,,177862267.892555,,,0.12,,
Kiribati,2015,,,170291037.487792,,,0.23,,
Kiribati,2016,,,178509812.667261,,,0.64,,
Kiribati,2017,,,188192060.085837,,,1.15,,
Kiribati,2018,,,196230573.819486,,,2.19,,
Kiribati,2019,,,177935349.322211,,,2.21,,
Kosovo,2000,57.409059,,,,,6.46,,
Kosovo,2001,261.071775,,,,,3.69,,
Kosovo,2002,353.572354,,,,,1.73,,
Kosovo,2003,535.598272,,,,,1.15,,
Kosovo,2004,423.533771,,,,,1.56,,
Kosovo,2005,328.569606,,,,,3.51,,
Kosovo,2006,471.09766,,,,,5.15,,
Kosovo,2007,959.856438,,,,,5.27,,
Kosovo,2008,932.825224,,5181776768.71247,,,2.96,,
Kosovo,2009,830.415016302636,,5015894692.97027,,,0.56,,
Kosovo,2010,813.352079514421,,5344014317.91065,,,0.31,,
Kosovo,2011,717.327041234403,,6341737193.76392,,,0.3,,
Kosovo,2012,958.335407209022,,6163785172.81254,,,0.28,,
Kosovo,2013,956.742702963359,,6735731172.79851,,,0.17,,
Kosovo,2014,783.153103764853,,7074657898.23303,,,0.12,,
Kosovo,2015,770.550134507563,,6295820481.52668,,,0.23,,
Kosovo,2016,637.79761452744,,6682832632.27806,,,0.64,,
Kosovo,2017,819.582674409873,,7180813375.50836,,,1.15,,
Kosovo,2018,881.167306173398,,7878508502.59802,,,2.19,,
Kosovo,2019,965.831893179934,,7899879086.43081,,,2.21,,
Kuwait,2000,7082.34486407023,,37712842242.5033,66.4020004272461,2.40000009536743,6.46,,0.7005
Kuwait,2001,9897.31310935057,,34887512226.9319,66.5910034179688,2.47000002861023,3.69,,0.7005
Kuwait,2002,9208.10379397242,,38137545245.1464,66.3759994506836,2.52999997138977,1.73,,0.7005
Kuwait,2003,7577.04189315726,,47876510067.1141,65.4779968261719,2.58999991416931,1.15,,0.7005
Kuwait,2004,8241.93082851073,,59439090600.6108,65.8160018920898,2.64000010490417,1.56,,0.7005
Kuwait,2005,8862.81569936826,,80798630136.9863,66.5530014038086,2.71000003814697,3.51,,0.7005
Kuwait,2006,12566.0124458145,,101548931771.192,67.2789993286133,2.65000009536743,5.15,,0.7005
Kuwait,2007,16660.0191108892,,114639690358.902,67.7300033569336,2.58999991416931,5.27,,0.7005
Kuwait,2008,17112.8493407662,,147395089285.714,68.1380004882813,2.50999999046326,2.96,,0.7005
Kuwait,2009,20267.4753151716,,105963168867.269,68.7890014648438,2.48000001907349,0.56,,0.7005
Kuwait,2010,21236.6911681102,,115419399860.433,69.2310028076172,2.42000007629395,0.31,,0.7005
Kuwait,2011,25795.148923533,,154068115942.029,69.6370010375977,2.35999989509583,0.3,,0.7005
Kuwait,2012,28885.7139608085,,174070382279.386,69.9869995117188,2.28999996185303,0.28,,0.7005
Kuwait,2013,29352.5355236659,,174161142454.161,70.3140029907227,2.22000002861023,0.17,,0.7005
Kuwait,2014,32113.9254615893,,162631412508.784,70.6490020751953,2.15000009536743,0.12,,0.7005
Kuwait,2015,28270.0077754936,,114567298105.683,71.6900024414063,2.07999992370605,0.23,,0.7005
Kuwait,2016,31027.3261685792,,109419728566.7,72.245002746582,2.00999999046326,0.64,,0.7005
Kuwait,2017,33598.5894668625,,120707435542.367,72.6279983520508,1.92999994754791,1.15,,0.7005
Kuwait,2018,37028.8932575816,,138182400493.585,72.681999206543,1.86000001430511,2.19,,0.7005
Kuwait,2019,39801.5606709193,,136196760180.976,72.7490005493164,1.77999997138977,2.21,,0.7005
Kyrgyz Republic,2000,239.045430015869,,1369688498.06778,59.8390007019043,53.0800018310547,6.46,,0.8203
Kyrgyz Republic,2001,263.530043633658,,1525116370.27939,59.2680015563965,52.9199981689453,3.69,,0.7604
Kyrgyz Republic,2002,288.8493330288,,1605643104.73021,56.318000793457,49.1100006103516,1.73,,0.7005
Kyrgyz Republic,2003,364.599321624879,,1919008090.49641,57.6920013427734,43.2400016784668,1.15,,0.7005
Kyrgyz Republic,2004,528.152339325871,,2211534585.0034,58.2569999694824,38.9099998474121,1.56,,0.7005
Kyrgyz Republic,2005,569.727656290198,,2460248026.17783,59.3569984436035,38.5,3.51,,0.7005
Kyrgyz Republic,2006,764.349711455719,,2834168889.42019,60.0740013122559,36.2700004577637,5.15,,0.7005
Kyrgyz Republic,2007,1107.22451186134,,3802566170.81543,59.9420013427734,34.4900016784668,5.27,,0.7604
Kyrgyz Republic,2008,1152.86953428409,,5139957784.91084,59.6199989318848,34.0200004577637,2.96,,0.8203
Kyrgyz Republic,2009,1493.97212317031,,4690062255.12247,58.5349998474121,33.0099983215332,0.56,9.13751350841179,0.8203
Kyrgyz Republic,2010,1603.59572905245,,4794357795.07139,58.726001739502,32.2400016784668,0.31,16.6070157260933,0.8203
Kyrgyz Republic,2011,1702.98994680304,,6197766118.59856,59.318000793457,31.1100006103516,0.3,18.4446884735202,0.8203
Kyrgyz Republic,2012,1903.15244118208,,6605139933.41063,58.7879981994629,30.0900001525879,0.28,14.9402394289845,0.3434
Kyrgyz Republic,2013,2098.59631793532,,7335027591.91628,57.2569999694824,31.6700000762939,0.17,14.8375,0.2835
Kyrgyz Republic,2014,1804.78913741141,,7468096566.71158,57.3310012817383,31.5900001525879,0.12,14.4087481345184,0.2835
Kyrgyz Republic,2015,1633.92809946899,,6678178340.45121,57.6640014648438,29.3099994659424,0.23,15.9804722021549,0.2835
Kyrgyz Republic,2016,1799.16507878984,,6813092065.83507,57.0940017700195,26.7900009155273,0.64,16.5304396583545,0.5370
Kyrgyz Republic,2017,1887.40099609235,,7702934800.12836,55.939998626709,23.0300006866455,1.15,13.0174704362818,0.5370
Kyrgyz Republic,2018,1695.72397226426,,8271108638.39931,54.7610015869141,20.4300003051758,2.19,11.8081481480394,0.5370
Kyrgyz Republic,2019,1723.56223790664,,8871026074.19762,54.5789985656738,19.3199996948242,2.21,10.3038788244549,0.5370
Lao PDR,2000,139.659833460443,,1731198022.45494,78.7239990234375,81.870002746582,6.46,,0.2535
Lao PDR,2001,136.835241427009,,1768619058.34647,78.6210021972656,81.0500030517578,3.69,,0.2535
Lao PDR,2002,201.633549531476,,1758176653.07746,78.5260009765625,80.3000030517578,1.73,,0.2535
Lao PDR,2003,234.395183606116,,2023324407.30316,78.4290008544922,79.370002746582,1.15,,0.1635
Lao PDR,2004,244.91322401003,,2366398119.8821,78.3349990844727,78.3000030517578,1.56,,0.1635
Lao PDR,2005,252.299748710496,,2735558726.25625,78.2509994506836,77.2099990844727,3.51,,0.1635
Lao PDR,2006,349.506280421735,,3455031447.60194,78.1640014648438,76.4800033569336,5.15,,0.1635
Lao PDR,2007,555.778196307765,,4223152219.2439,78.0220031738281,75.0599975585938,5.27,,0.1635
Lao PDR,2008,653.4347453239,,5446434031.69042,77.9039993286133,73.7900009155273,2.96,,0.1635
Lao PDR,2009,712.950622345605,,5836138127.06562,77.7760009765625,72.6600036621094,0.56,,0.1635
Lao PDR,2010,806.912868678393,,7131773632.71369,77.6650009155273,71.4599990844727,0.31,,0.1635
Lao PDR,2011,755.810133837868,,8750107401.57872,77.5230026245117,70.3099975585938,0.3,,0.1635
Lao PDR,2012,818.135446167628,,10192848926.2582,77.3860015869141,69.0400009155273,0.28,,0.1635
Lao PDR,2013,740.595667718888,,11983252611.2727,77.25,67.7699966430664,0.17,,0.1635
Lao PDR,2014,889.717355693504,,13279248478.8161,77.1159973144531,66.6999969482422,0.12,,0.1635
Lao PDR,2015,1057.56106386709,,14426381187.0894,76.9909973144531,65.5800018310547,0.23,,0.1635
Lao PDR,2016,883.575618890996,,15912495368.8717,76.8730010986328,64.7099990844727,0.64,,0.1635
Lao PDR,2017,1088.75563160462,,17071162084.4067,76.7590026855469,63.5800018310547,1.15,,0.1635
Lao PDR,2018,944.141406569877,,18141651381.3884,76.6500015258789,62.3699989318848,2.19,,0.1635
Lao PDR,2019,1067.76984540873,,18740559554.1632,76.5690002441406,61.439998626709,2.21,,0.1635
Latvia,2000,850.907141263873,,7958852838.93395,48.1969985961914,14.9300003051758,6.46,,0.9401
Latvia,2001,1148.74486304159,,8362398701.58943,48.7690010070801,15.4700002670288,3.69,,0.9401
Latvia,2002,1241.41572185243,,9557031605.27512,49.9609985351563,16.2299995422363,1.73,,0.9401
Latvia,2003,1432.44221792942,,11771975156.8073,50.2140007019043,14.2399997711182,1.15,,1.0000
Latvia,2004,1911.97624346184,,14435700533.368,50.6780014038086,13.3000001907349,1.56,,1.0000
Latvia,2005,2232.13184918389,,17003459863.0989,51.6069984436035,12.0500001907349,3.51,,1.0000
Latvia,2006,4353.37131207914,,21570076498.6205,54.9449996948242,11.460000038147,5.15,,1.0000
Latvia,2007,5553.3704501811,,31054350977.9784,56.6139984130859,10.1800003051758,5.27,,1.0000
Latvia,2008,5027.63216404795,,35854274228.9139,56.7859992980957,7.96000003814697,2.96,,1.0000
Latvia,2009,6631.80144131899,,26410909090.9091,49.601001739502,8.75,0.56,,1.0000
Latvia,2010,7256.16527387978,,23956163076.5575,47.4099998474121,8.60999965667725,0.31,,1.0000
Latvia,2011,5997.27152481066,,27474380566.265,49.0340003967285,8.89999961853027,0.3,,1.0000
Latvia,2012,7110.87115969827,,28169902669.3784,50.7410011291504,8.36999988555908,0.28,,1.0000
Latvia,2013,7595.71292961742,,30204783461.8488,52.3759994506836,8.0600004196167,0.17,,1.0000
Latvia,2014,2971.20082494263,,31386896487.0407,52.8390007019043,7.5,0.12,,1.0000
Latvia,2015,3220.21616148029,,27263090547.0617,54.140998840332,7.94000005722046,0.23,,1.0000
Latvia,2016,3267.87015490789,,28083597512.4841,54.5960006713867,7.69000005722046,0.64,,1.0000
Latvia,2017,4337.30116077037,,30483806017.8318,55.5260009765625,6.86999988555908,1.15,,1.0000
Latvia,2018,4097.73928582853,,34429023435.0211,56.8870010375977,6.96999979019165,2.19,,1.0000
Latvia,2019,4155.22240397313,,34343961072.8235,57.3660011291504,7.28999996185303,2.21,,1.0000
Lebanon,2000,5943.66056332523,,17260364842.4544,40.3059997558594,18.7800006866455,6.46,,0.7604
Lebanon,2001,5013.8099269086,,17649751243.7811,40.3460006713867,18.3999996185303,3.69,,0.4470
Lebanon,2002,7243.82514193422,,19152238805.9702,40.4519996643066,18.0499992370605,1.73,,0.7005
Lebanon,2003,12519.4430251835,,20082918739.6352,40.5919990539551,17.6900005340576,1.15,,0.7005
Lebanon,2004,11734.5710671426,,21159827992.0398,40.5639991760254,17.2700004577637,1.56,,0.7005
Lebanon,2005,11887.0845714448,,21497336498.9718,40.185001373291,16.8600006103516,3.51,,0.7005
Lebanon,2006,13376.4416613303,,22022709851.5423,39.8199996948242,16.4200000762939,5.15,,0.7005
Lebanon,2007,12909.9414152772,,24827355014.66,39.5029983520508,15.8699998855591,5.27,,0.7005
Lebanon,2008,20244.4776095729,,29118916105.6053,39.75,15.3400001525879,2.96,,0.7005
Lebanon,2009,29102.898320779,,35399582928.6236,39.976001739502,14.8199996948242,0.56,,0.7005
Lebanon,2010,31514.110354516,,38443907042.3217,39.5900001525879,14.4499998092651,0.31,,0.7005
Lebanon,2011,33740.5864194963,,39927125961.194,39.5660018920898,14.0900001525879,0.3,,0.7005
Lebanon,2012,37185.5788988942,,44016799515.8209,39.5330009460449,13.7600002288818,0.28,,0.7005
Lebanon,2013,36748.0285476784,,46880103080.6634,39.4249992370605,13.4099998474121,0.17,,0.7005
Lebanon,2014,39547.1316166926,,48095213746.4677,39.3269996643066,13.1099996566772,0.12,,0.7005
Lebanon,2015,38756.0705369734,,49929337837.0813,39.2840003967285,12.8100004196167,0.23,,0.4470
Lebanon,2016,43338.023085564,,51147308773.9304,39.1860008239746,12.4499998092651,0.64,,0.4470
Lebanon,2017,43455.2090963304,,53027680685.8375,39.0559997558594,12.0799999237061,1.15,,0.4470
Lebanon,2018,40561.2322423956,,54901519155.6219,39.0149993896484,11.6899995803833,2.19,,0.4470
Lebanon,2019,38168.378574221,,51953744530.2445,39.1310005187988,11.3199996948242,2.21,,0.4470
Lesotho,2000,417.891096032125,,887295267.875155,46.734001159668,58.4700012207031,6.46,,0.1635
Lesotho,2001,386.488996575835,,825706961.238689,46.9910011291504,57.6599998474121,3.69,,0.1635
Lesotho,2002,406.37021502663,,775780697.676625,47.2019996643066,56.9900016784668,1.73,,0.1635
Lesotho,2003,460.333705204936,,1157832934.55127,47.492000579834,56.2099990844727,1.15,,0.1635
Lesotho,2004,501.504280465691,,1511236655.52047,47.6809997558594,55.4900016784668,1.56,,0.1635
Lesotho,2005,519.110911299774,,1682350934.85132,47.9179992675781,54.7599983215332,3.51,,0.1635
Lesotho,2006,658.401554709079,,1800105589.60349,48.1290016174316,53.8699989318848,5.15,,0.1635
Lesotho,2007,1002.76033836274,,1682016947.22798,48.3209991455078,53.0400009155273,5.27,,0.1635
Lesotho,2008,971.530251526022,,1766825412.77296,48.5169982910156,52.0699996948242,2.96,,0.1635
Lesotho,2009,1502.24853221839,,1740830510.87482,48.6119995117188,51.4199981689453,0.56,,0.1635
Lesotho,2010,1485.97665276529,,2234731973.55119,48.8370018005371,50.8499984741211,0.31,,0.1635
Lesotho,2011,903.895914949344,,2579421686.24912,48.9739990234375,49.9599990844727,0.3,,0.1635
Lesotho,2012,999.498707573327,,2477702252.80078,49.1240005493164,49.0200004577637,0.28,,0.1635
Lesotho,2013,1060.17220908261,,2367113170.00373,49.2039985656738,48.2099990844727,0.17,,0.1635
Lesotho,2014,1081.27106214794,,2441053175.70743,49.3769989013672,47.4599990844727,0.12,,0.1635
Lesotho,2015,997.431660022088,,2359759799.04224,49.5509986877441,46.689998626709,0.23,,0.1635
Lesotho,2016,925.195318767947,,2114428033.39316,49.7569999694824,45.8400001525879,0.64,,0.1635
Lesotho,2017,657.668309282079,,2306741845.41947,49.890998840332,45.4300003051758,1.15,,0.1635
Lesotho,2018,728.527649979486,,2553495915.79202,50.0929985046387,44.9099998474121,2.19,,0.1635
Lesotho,2019,774.09519047731,,2453980835.24819,50.2890014648438,44.2999992370605,2.21,,0.1635
Liberia,2000,0.267707367815772,,874000000,75.5189971923828,51.9500007629395,6.46,,1.0000
Liberia,2001,0.480275980603404,,906000000,75.5080032348633,51.4300003051758,3.69,,1.0000
Liberia,2002,3.29847065155747,,927000000,75.5080032348633,50.810001373291,1.73,,1.0000
Liberia,2003,7.37673887371289,,748000000,75.4729995727539,51.9099998474121,1.15,,1.0000
Liberia,2004,18.7426504077665,,897000000,75.4729995727539,51.3400001525879,1.56,,1.0000
Liberia,2005,25.3954607689592,,949000000,75.4720001220703,50.6800003051758,3.51,,1.0000
Liberia,2006,71.989512763969,,1119000000,75.4810028076172,49.9099998474121,5.15,,1.0000
Liberia,2007,119.359165225347,,1373000000,75.4850006103516,49.1100006103516,5.27,,1.0000
Liberia,2008,160.860063211478,,1726000000,75.4830017089844,48.4799995422363,2.96,,1.0000
Liberia,2009,372.457051883517,,1768000000,75.4700012207031,47.9599990844727,0.56,,1.0000
Liberia,2010,442.033413934885,,1998000000,75.4410018920898,47.310001373291,0.31,,1.0000
Liberia,2011,506.827130971263,,2398000000,75.4670028686523,46.439998626709,0.3,,1.0000
Liberia,2012,574.181706182312,,2791614000,75.4789962768555,45.560001373291,0.28,,1.0000
Liberia,2013,589.723179795313,,3177198100,75.4789962768555,44.5999984741211,0.17,,1.0000
Liberia,2014,498.992032991349,,3225652000,75.4589996337891,44.2200012207031,0.12,,1.0000
Liberia,2015,560.742588406987,,3227075700,75.3980026245117,43.9099998474121,0.23,,1.0000
Liberia,2016,586.024559973528,,3398419600,74.5699996948242,43.7400016784668,0.64,,0.7165
Liberia,2017,585.997776606725,,3390703400,74.5289993286133,43.2200012207031,1.15,,0.7165
Liberia,2018,332.15094781251,,3422754800,74.4729995727539,42.7799987792969,2.19,,0.7165
Liberia,2019,297.070852933413,,3319596500,74.4089965820313,42.6199989318848,2.21,,0.7165
Libya,2000,12460.8136721936,,38270206950.41,38.2190017700195,26.5400009155273,6.46,,0.0000
Libya,2001,14800.498167688,,34110064452.1567,38.257999420166,26.0499992370605,3.69,,0.1635
Libya,2002,14307.3959863199,,20481889763.7795,38.3339996337891,25.5200004577637,1.73,,0.1635
Libya,2003,19583.9810903657,,26265625000,38.4780006408691,24.8899993896484,1.15,,0.1635
Libya,2004,25688.7999965342,,33122307692.3077,38.4949989318848,24.3199996948242,1.56,,0.1635
Libya,2005,39507.8460870983,,47334148578.4164,38.5839996337891,23.6399993896484,3.51,,0.1635
Libya,2006,59289.2458053908,,60092950669.9147,38.5880012512207,23.0300006866455,5.15,,0.1635
Libya,2007,79404.7196238923,,68035403136.3852,38.6080017089844,22.4099998474121,5.27,,0.1635
Libya,2008,92313.2509827632,,86708074534.1615,38.5999984741211,21.7600002288818,2.96,,0.1635
Libya,2009,98725.2496566527,,60810211408.0574,38.5880012512207,21.0699996948242,0.56,,0.1635
Libya,2010,99645.2176309596,,75380170508.3675,38.6230010986328,20.5599994659424,0.31,,0.1635
Libya,2011,104797.310730736,,48167374611.9915,38.5299987792969,20.4400005340576,0.3,,0.1635
Libya,2012,118407.554175811,,92538004279.9398,38.6629981994629,20.0200004577637,0.28,,0.1635
Libya,2013,115197.36646003,,75350633010.9303,38.4230003356934,19.6299991607666,0.17,,0.1635
Libya,2014,89092.9504867895,,57372445771.7699,38.3810005187988,19.2199993133545,0.12,,0.1635
Libya,2015,73674.5942840862,,48717854039.9653,38.3089981079102,18.75,0.23,,0.1635
Libya,2016,65894.3169688814,,49910960874.5685,38.2919998168945,18.2299995422363,0.64,,0.1635
Libya,2017,74556.0026821686,,67158415841.5842,38.3540000915527,17.5799999237061,1.15,,0.1635
Libya,2018,80529.4622821665,,76684175824.1758,38.3050003051758,16.9599990844727,2.19,,0.1635
Libya,2019,78952.3395168684,,69252306372.0232,38.2039985656738,16.4099998474121,2.21,,0.1635
Lithuania,2000,1311.54916514878,,11524776866.6379,50.6609992980957,19.2399997711182,6.46,,1.0000
Lithuania,2001,1617.72069095004,,12237388001.7264,49.1059989929199,17.5699996948242,3.69,8.15333333333333,1.0000
Lithuania,2002,2349.32066355608,,14259781159.0119,50.8540000915527,18.6399993896484,1.73,6.0625,1.0000
Lithuania,2003,3371.97567509856,,18781721376.1985,52.4519996643066,18.7099990844727,1.15,5.32166666666667,1.0000
Lithuania,2004,3512.5822855297,,22627507451.5648,51.0460014343262,16.2800006866455,1.56,4.5025,1.0000
Lithuania,2005,3720.24076465712,,26097677571.8373,51.5979995727539,14.2700004577637,3.51,3.69833333333333,1.0000
Lithuania,2006,5654.41242449407,,30183575103.5262,52.056999206543,13.8299999237061,5.15,4.08083333333333,1.0000
Lithuania,2007,7556.62455598187,,39697891351.9431,53.1889991760254,11.3299999237061,5.27,4.54583333333333,1.0000
Lithuania,2008,6280.46364440104,,47797551587.8823,52.5660018920898,8.06999969482422,2.96,5.6075,0.9401
Lithuania,2009,6419.82500076033,,37388122046.1496,48.7519989013672,8.97999954223633,0.56,14.0041666666667,0.8802
Lithuania,2010,6335.52517396233,,37128694028.243,46.7000007629395,8.82999992370605,0.31,5.56666666666667,0.8203
Lithuania,2011,7915.36783438474,,43535051482.3869,48.5579986572266,8.48999977111816,0.3,5.16,0.7604
Lithuania,2012,8218.17267706854,,42927454291.478,50.0169982910156,8.80000019073486,0.28,4.83083333333333,0.7005
Lithuania,2013,7847.28448062758,,46523420074.4372,51.1730003356934,8.42000007629395,0.17,3.83178571428571,0.7005
Lithuania,2014,8503.93856348084,,48533659592.1728,52.6240005493164,9.17000007629395,0.12,2.7925,0.7005
Lithuania,2015,1498.93015384852,,41435533340.3883,53.7649993896484,9.06999969482422,0.23,1.38083333333333,0.7604
Lithuania,2016,2385.5815546003,,43047309305.7363,55.5880012512207,7.98000001907349,0.64,0.898333333333333,0.8203
Lithuania,2017,4207.2333133316,,47758736931.7801,56.3160018920898,7.78000020980835,1.15,0.31,0.8802
Lithuania,2018,5531.28754650459,,53751411409.4447,57.7649993896484,7.17999982833862,2.19,,0.9401
Lithuania,2019,4800.2442252078,,54751510087.7803,58.2029991149902,6.44000005722046,2.21,,1.0000
Madagascar,2000,285.182984805489,,4629247090.97817,81.9530029296875,77,6.46,,0.4170
Madagascar,2001,398.349960538685,,5438332738.10373,82.3470001220703,77.4499969482422,3.69,,0.4170
Madagascar,2002,363.272345666928,,5351701534.15801,82.3369979858398,78.0599975585938,1.73,,0.4170
Madagascar,2003,414.27274715771,,6372498719.84613,82.6230010986328,77.9800033569336,1.15,,0.4170
Madagascar,2004,503.524275988023,,5064732715.72615,83.6289978027344,80.2699966430664,1.56,,0.4170
Madagascar,2005,481.286830746363,,5859269849.14523,84.6620025634766,81.9599990844727,3.51,,0.4170
Madagascar,2006,583.182459275841,,6395712392.23682,84.3310012817383,80.4300003051758,5.15,,0.4170
Madagascar,2007,846.677005492943,,8524620739.24074,83.9980010986328,78.75,5.27,,0.4170
Madagascar,2008,982.306552811993,,10725137930.8286,83.6660003662109,76.879997253418,2.96,,0.4170
Madagascar,2009,982.078789679611,,9616879571.46431,83.2710037231445,75.2900009155273,0.56,,0.4170
Madagascar,2010,1022.97069636859,,9982711338.11814,82.9530029296875,73.370002746582,0.31,,0.2535
Madagascar,2011,1134.55958973412,,11551819617.6271,84.4889984130859,71.2399978637695,0.3,,0.2535
Madagascar,2012,1052.81091582789,,11578974887.9562,86.0309982299805,68.870002746582,0.28,,0.2535
Madagascar,2013,776.146662956508,,12423555269.3893,85.6330032348633,67.9800033569336,0.17,,0.4170
Madagascar,2014,773.817323366607,,12522957228.1764,85.2360000610352,67.1999969482422,0.12,,0.4170
Madagascar,2015,832.008813363757,,11323020828.5758,84.8339996337891,66.4899978637695,0.23,,0.4170
Madagascar,2016,1183.69079201019,,11848613735.1933,84.7740020751953,65.7900009155273,0.64,,0.1635
Madagascar,2017,1600.17502231326,,13176313593.5509,84.7149963378906,65.25,1.15,,0.1635
Madagascar,2018,1739.58829028962,,13760033096.5211,84.6569976806641,64.6800003051758,2.19,,0.1635
Madagascar,2019,1693.14764847775,,14104664514.8681,84.6039962768555,64.120002746582,2.21,,0.1635
Malawi,2000,242.980756229229,,1743506531.32652,72.9219970703125,80.7200012207031,6.46,,0.1635
Malawi,2001,202.505202402404,,1716502862.2954,72.9100036621094,80.9100036621094,3.69,,0.1635
Malawi,2002,161.474518622774,,3495748397.63025,72.9520034790039,80.8399963378906,1.73,,0.1635
Malawi,2003,122.037174686597,,3208837077.25069,72.9830017089844,80.5800018310547,1.15,,0.1635
Malawi,2004,128.050843224175,,3476094498.87517,72.9970016479492,80.379997253418,1.56,,0.1635
Malawi,2005,158.645871485267,,3655909664.1423,73.0019989013672,80.2300033569336,3.51,,0.1635
Malawi,2006,133.771791846069,,3998020176.67364,73.0220031738281,79.9599990844727,5.15,,0.0000
Malawi,2007,216.611430867936,,4432937045.79897,73.0559997558594,79.5199966430664,5.27,,0.0000
Malawi,2008,242.775848999834,,5321012192.33619,73.0619964599609,79.2099990844727,2.96,,0.0000
Malawi,2009,149.356594709464,,6191127665.1963,73.0780029296875,78.8499984741211,0.56,,0.0000
Malawi,2010,307.358138602841,,6959655570.89098,73.0849990844727,78.5100021362305,0.31,,0.0000
Malawi,2011,197.42964413814,,8004000737.30717,73.088996887207,78.2300033569336,0.3,,0.0000
Malawi,2012,223.175827884783,,6028487928.83351,73.088996887207,78.0800018310547,0.28,,0.0000
Malawi,2013,413.104344064299,,5518880768.57955,73.1139984130859,77.7900009155273,0.17,,0.1635
Malawi,2014,600.619340098287,,6047813437.31804,73.0930023193359,77.4899978637695,0.12,,0.1635
Malawi,2015,681.580478271052,,6373212640.84604,73.0559997558594,77.2900009155273,0.23,,0.1635
Malawi,2016,610.774217598916,,5433040159.88747,73.0149993896484,77.1100006103516,0.64,,0.1635
Malawi,2017,768.401046225973,,8943543677.18899,72.984001159668,76.8600006103516,1.15,,0.1635
Malawi,2018,766.154761931253,,9880675785.93057,72.9089965820313,76.6399993896484,2.19,,0.1635
Malawi,2019,846.839844266183,,11025371147.1876,72.8290023803711,76.3600006103516,2.21,,0.1635
Malaysia,2000,28329.8300635298,,93789736842.1053,60.7779998779297,18.3600006103516,6.46,5.10683333333333,0.4170
Malaysia,2001,29522.2981739213,,92783947368.421,60.2970008850098,15.1300001144409,3.69,3.53666666666667,0.4170
Malaysia,2002,33360.6658879318,,100845526315.789,59.798999786377,14.9300003051758,1.73,3.46733333333333,0.4170
Malaysia,2003,43821.7059909861,,110202368421.053,60.5250015258789,14.2700004577637,1.15,3.59833333333333,0.4170
Malaysia,2004,65881.0868842326,,124749473684.211,59.7620010375977,14.5600004196167,1.56,4.08766666666667,0.4170
Malaysia,2005,69857.9800746077,,143534102611.497,58.7459983825684,14.6400003433228,3.51,3.56816666666667,0.4170
Malaysia,2006,82132.3218831742,,162691238209.476,59.056999206543,14.6300001144409,5.15,4.0065,0.4170
Malaysia,2007,101019.281444723,,193547824063.3,58.826000213623,14.7299995422363,5.27,3.57191666666667,0.4170
Malaysia,2008,91148.8495649209,,230813897715.69,58.2210006713867,13.960000038147,2.96,3.72916666666667,0.7005
Malaysia,2009,95431.679214866,,202257625195.063,58.2470016479492,13.5,0.56,3.58941666666667,0.4170
Malaysia,2010,104883.688469784,,255016609232.871,58.3230018615723,13.3000001907349,0.31,3.51891666666667,0.1635
Malaysia,2011,131780.414231728,,297951960784.314,59.6160011291504,11.8800001144409,0.3,3.44808333333333,0.1635
Malaysia,2012,137783.902665941,,314443149443.149,60.6590003967285,13.2600002288818,0.28,3.25216666666667,0.1635
Malaysia,2013,133444.437251858,,323277158906.979,62.0359992980957,12.6899995803833,0.17,3.4245,0.1635
Malaysia,2014,114571.975075857,,338061963396.376,62.4379997253418,12.5900001525879,0.12,3.69241666666667,0.4170
Malaysia,2015,93978.5422677486,,301354756113.174,62.4620018005371,12.4700002670288,0.23,3.67133333333333,0.4170
Malaysia,2016,93071.8100741533,,301255454041.415,62.1069984436035,11.3699998855591,0.64,3.45325,0.4170
Malaysia,2017,100877.834680702,,319112175611.571,62.2039985656738,11.289999961853,1.15,3.64075,0.4170
Malaysia,2018,99850.4692553702,,358791603677.728,62.6419982910156,10.6300001144409,2.19,3.74541666666667,0.4170
Malaysia,2019,101725.971168985,,365175135787.568,63.0349998474121,10.2799997329712,2.21,3.43183333333333,0.4170
Maldives,2000,122.801161555359,,624337145.284622,53.7200012207031,18.9599990844727,6.46,,0.8802
Maldives,2001,93.0754783340346,,870030468.628748,52.8680000305176,18.9899997711182,3.69,,0.8203
Maldives,2002,133.146756138827,,897031250,51.931999206543,18.5,1.73,,0.8203
Maldives,2003,159.492039076649,,1052121054.6875,50.9949989318848,17.7900009155273,1.15,,0.8203
Maldives,2004,203.594899341916,,1226829562.5,50.1640014648438,17.2199993133545,1.56,,0.8802
Maldives,2005,186.354315295944,,1163362437.5,49.4640007019043,17.2299995422363,3.51,,0.9401
Maldives,2006,231.550005623125,,1575200390.625,48.148998260498,16.1800003051758,5.15,,1.0000
Maldives,2007,308.403900253519,,1868383460.9375,47.5009994506836,15.4200000762939,5.27,,1.0000
Maldives,2008,240.580313574776,,2271646187.5,46.6080017089844,14.6099996566772,2.96,,1.0000
Maldives,2009,260.981130107897,,2345294875,46.0040016174316,14.0200004577637,0.56,,0.8365
Maldives,2010,350.103579326899,,2588176054.6875,46.923999786377,13.210000038147,0.31,,0.8365
Maldives,2011,334.913163216004,,2774351760.03287,48.0660018920898,12.4300003051758,0.3,,0.8365
Maldives,2012,304.506181012498,,2886170571.69634,49.3199996948242,11.8199996948242,0.28,,0.8365
Maldives,2013,368.315038589918,,3295011381.75405,50.4459991455078,11.1099996566772,0.17,,0.8365
Maldives,2014,614.684246485376,,3697351596.83753,51.6459999084473,10.4099998474121,0.12,2.4,0.8365
Maldives,2015,563.87373460286,,4109424799.72407,52.9010009765625,9.82999992370605,0.23,2.4,0.8365
Maldives,2016,467.323386048191,,4379136461.83077,54.0940017700195,9.23999977111816,0.64,2.4,0.8365
Maldives,2017,587.346816807916,,4754175869.24027,54.2809982299805,8.96000003814697,1.15,2.4,0.5830
Maldives,2018,712.157733781107,,5300962659.51088,54.306999206543,8.60999965667725,2.19,2.4,0.5830
Maldives,2019,753.496279806938,,5609400721.62268,54.2330017089844,8.31999969482422,2.21,2.4,0.8365
Mali,2000,,,2961484953.73364,66.3190002441406,72.6399993896484,6.46,,0.1635
Mali,2001,,,3468337909.17148,65.8629989624023,71.8300018310547,3.69,,0.1635
Mali,2002,,,3908121459.12749,65.2740020751953,71.5500030517578,1.73,,0.1635
Mali,2003,,,4714072191.04621,64.7720031738281,70.9899978637695,1.15,,0.1635
Mali,2004,,,5454249456.70519,64.1849975585938,70.8000030517578,1.56,,0.1635
Mali,2005,,,6247515449.73015,63.5320014953613,70.379997253418,3.51,,0.1635
Mali,2006,,,6905934548.38354,62.8680000305176,69.9700012207031,5.15,,0.1635
Mali,2007,,,8156469132.86716,62.1910018920898,69.7200012207031,5.27,,0.1635
Mali,2008,,,9838404004.93274,63.0740013122559,69.3899993896484,2.96,,0.1635
Mali,2009,,,10231962890.6125,63.943000793457,68.9899978637695,0.56,,0.1635
Mali,2010,,,10689167195.3375,64.8119964599609,68.5800018310547,0.31,,0.1635
Mali,2011,,,12995113407.2335,65.6890029907227,68.0899963378906,0.3,,0.1635
Mali,2012,,,12442036265.1484,65.9000015258789,67.9599990844727,0.28,,0.1635
Mali,2013,,,13242691429.5942,66.129997253418,67.6999969482422,0.17,,0.1635
Mali,2014,,,14364937996.8661,66.1139984130859,66.6999969482422,0.12,6.25,0.1635
Mali,2015,,,13104764333.9941,65.1060028076172,62.2700004577637,0.23,,0.1635
Mali,2016,,,14026048690.7312,64.5759963989258,64.9000015258789,0.64,,0.1635
Mali,2017,,,15365711725.0672,64.0350036621094,63.1300010681152,1.15,,0.1635
Mali,2018,,,17070866299.0945,63.9830017089844,63,2.19,,0.1635
Mali,2019,,,17280251193.9527,63.9189987182617,62.439998626709,2.21,,0.1635
Marshall Islands,2000,,,115347500,,,6.46,,0.7005
Marshall Islands,2001,,,122824000,,,3.69,,0.7005
Marshall Islands,2002,,,131738200,,,1.73,,0.7005
Marshall Islands,2003,,,131398500,,,1.15,,0.7005
Marshall Islands,2004,,,132934600,,,1.56,,0.7005
Marshall Islands,2005,,,137666300,,,3.51,,0.7005
Marshall Islands,2006,,,142745200,,,5.15,,0.7005
Marshall Islands,2007,,,149870000,,,5.27,,0.7005
Marshall Islands,2008,,,145969100,,,2.96,,0.7005
Marshall Islands,2009,,,150624900,,,0.56,,0.7005
Marshall Islands,2010,,,160318500,,,0.31,,0.7005
Marshall Islands,2011,,,171567100,,,0.3,,0.7005
Marshall Islands,2012,,,179855800,,,0.28,,0.7005
Marshall Islands,2013,,,185468000,,,0.17,,0.7005
Marshall Islands,2014,,,185172900,,,0.12,,0.7005
Marshall Islands,2015,,,182997300,,,0.23,,0.7005
Marshall Islands,2016,,,200716000,,,0.64,,0.7005
Marshall Islands,2017,,,212701200,,,1.15,,0.7005
Marshall Islands,2018,,,219330300,,,2.19,,0.7005
Marshall Islands,2019,,,232092300,,,2.21,,0.7005
Mauritania,2000,46.2460779554015,,1779523344.34106,45.4900016784668,41.0400009155273,6.46,,0.1635
Mauritania,2001,36.6535703715736,,1746064718.79169,45.1209983825684,40.8199996948242,3.69,,0.1635
Mauritania,2002,70.1417860217224,,1777058592.98812,44.7449989318848,40.4500007629395,1.73,,0.1635
Mauritania,2003,27.0228833001082,,2051147606.73687,44.3810005187988,39.7900009155273,1.15,,0.1635
Mauritania,2004,33.7270167291556,,2362501023.24249,43.9900016784668,39.189998626709,1.56,,0.1635
Mauritania,2005,64.4682529793491,,2936019525.60241,43.6199989318848,38.4099998474121,3.51,,0.1635
Mauritania,2006,187.18503606378,,3919577285.92703,43.2700004577637,37.3199996948242,5.15,,0.1635
Mauritania,2007,197.825712520998,,4346206808.54026,42.8219985961914,37.0699996948242,5.27,,0.1635
Mauritania,2008,188.595949427061,,5206444406.66155,42.4459991455078,36.75,2.96,,0.1635
Mauritania,2009,225.351721083112,,4714592492.92972,42.0660018920898,36.4000015258789,0.56,,0.1635
Mauritania,2010,271.688466196257,,5628882266.37767,41.6940002441406,35.939998626709,0.31,,0.1635
Mauritania,2011,484.718210555567,,6764635686.79345,41.3199996948242,35.3699989318848,0.3,,0.1635
Mauritania,2012,949.499710793157,,6728208836.22143,40.9420013427734,34.7700004577637,0.28,,0.1635
Mauritania,2013,984.050730460926,,7223063169.72749,40.8689994812012,34.2099990844727,0.17,,0.1635
Mauritania,2014,621.518343480939,,6592537781.81518,40.7970008850098,33.6100006103516,0.12,,0.1635
Mauritania,2015,810.079358346095,,6166857628.62212,40.7290000915527,32.9700012207031,0.23,,0.1635
Mauritania,2016,835.289254487379,,6398738829.24531,40.6440010070801,32.5499992370605,0.64,,0.1635
Mauritania,2017,858.912970854327,,6800141921.64137,40.5800018310547,31.9799995422363,1.15,,0.1635
Mauritania,2018,919.552858830821,,7473550557.07379,40.5139999389648,31.5200004577637,2.19,,0.1635
Mauritania,2019,1028.70242051919,,8066126312.31807,40.4620018005371,30.8299999237061,2.21,,0.1635
Mauritius,2000,897.435313179955,,4663313620.01707,52.7779998779297,11.4300003051758,6.46,,0.7165
Mauritius,2001,835.62119751268,,4613630622.77501,52.4900016784668,11.7399997711182,3.69,,0.7165
Mauritius,2002,1227.37178141042,,4841310239.63687,52.7540016174316,10.8000001907349,1.73,11.17,0.7165
Mauritius,2003,1577.28427466079,,5816553826.85519,53.0589981079102,12.7700004577637,1.15,9.605,1.0000
Mauritius,2004,1605.92091254706,,6578844486.06288,53.3380012512207,10.0699996948242,1.56,7.6075,1.0000
Mauritius,2005,1339.90433782123,,6488750452.60067,53.0719985961914,10.0200004577637,3.51,8.38625,1.0000
Mauritius,2006,1269.63420414132,,7028803365.70151,52.8769989013672,9.72000026702881,5.15,9.86,1.0000
Mauritius,2007,1780.30228990601,,8150138757.15741,52.3779983520508,9.43000030517578,5.27,10.1525,1.0000
Mauritius,2008,1742.65392422182,,9990370016.30771,53.1310005187988,9.14000034332275,2.96,10.1225,1.0000
Mauritius,2009,2178.76975310442,,9128843109.15588,53.1790008544922,9.03999996185303,0.56,8.90125,0.9401
Mauritius,2010,2441.8356070817,,10003670690.3497,53.6269989013672,8.63000011444092,0.31,6.93,0.8802
Mauritius,2011,2582.67651287377,,11518393367.2403,52.9440002441406,7.73000001907349,0.3,6.735,0.8203
Mauritius,2012,2836.68753914535,,11668685524.1265,53.1399993896484,7.65999984741211,0.28,6.0775,0.7604
Mauritius,2013,3340.20540376468,,12292957324.4217,54.1780014038086,7.40999984741211,0.17,4.46375,0.7005
Mauritius,2014,3614.70131024131,,13074137210.3352,54.3219985961914,7.15000009536743,0.12,5.0675,0.7005
Mauritius,2015,3956.9767083633,,12007291045.6489,54.693000793457,6.90999984741211,0.23,4.485,0.7005
Mauritius,2016,4504.17966112085,,12594149440.5195,54.3240013122559,6.67000007629395,0.64,4.11666666666667,0.7005
Mauritius,2017,5465.93273663058,,13713509312.2669,54.5250015258789,6.42999982833862,1.15,3.63625,0.7005
Mauritius,2018,5840.62854370215,,14735695930.9727,54.0589981079102,6.19999980926514,2.19,4.8775,0.7005
Mauritius,2019,6753.39362578251,,14436353897.9802,54.5340003967285,5.96999979019165,2.21,4.19583333333333,0.7005
Mexico,2000,35508.8419260105,,707906744574.644,57.6510009765625,17.4099998474121,6.46,,0.7005
Mexico,2001,44740.742121561,,756706300589.791,56.7949981689453,17.4599990844727,3.69,11.1599879007864,0.7005
Mexico,2002,50594.4467597124,,772106378935.377,56.2019996643066,16.8400001525879,1.73,10.125,0.4470
Mexico,2003,58955.6416444202,,729336319677.449,56.2639999389648,16.1700000762939,1.15,8.98166666666667,0.4470
Mexico,2004,64140.6965674203,,782240601984.76,56.5309982299805,15.5100002288818,1.56,9.53833333333333,0.7005
Mexico,2005,74054.1373486702,,877476221382.101,57.2179985046387,14.8800001144409,3.51,9.4175,0.7005
Mexico,2006,76270.5460233582,,975387131716.089,57.9830017089844,14.25,5.15,8.38833333333333,0.7005
Mexico,2007,87109.2362139551,,1052696282278.87,57.9179992675781,13.789999961853,5.27,7.79333333333333,0.7005
Mexico,2008,95126.1034986517,,1109989063586.62,57.6199989318848,13.7399997711182,2.96,8.3125,0.7005
Mexico,2009,99589.2097425811,,900045350649.351,56.6800003051758,13.8100004196167,0.56,7.96375,0.7005
Mexico,2010,120264.99036051,,1057801295584.05,56.4980010986328,13.9200000762939,0.31,7.09,0.7005
Mexico,2011,143990.797078067,,1180489601957.61,56.6699981689453,13.6899995803833,0.3,6.66777777777778,0.7005
Mexico,2012,160413.365459751,,1201089987015.45,57.4560012817383,13.7200002670288,0.28,5.59833333333333,0.7005
Mexico,2013,175432.415284167,,1274443084716.57,57.3199996948242,13.6499996185303,0.17,5.6775,0.7005
Mexico,2014,190923.190993428,,1315351183524.54,56.8860015869141,13.7700004577637,0.12,6.01416666666667,0.7005
Mexico,2015,173457.747218176,,1171867608197.72,57.2229995727539,13.4300003051758,0.23,5.99125,0.7005
Mexico,2016,173535.819121603,,1078490651625.31,57.3759994506836,13.1000003814697,0.64,6.19375,0.7005
Mexico,2017,170458.364362543,,1158913035796.37,57.3110008239746,13.1199998855591,1.15,7.24833333333333,0.7005
Mexico,2018,171444.902467495,,1222408203104.3,57.5970001220703,12.8100004196167,2.19,7.93,0.7005
Mexico,2019,177176.65357228,,1269011767478.56,58.0089988708496,12.4799995422363,2.21,7.66833333333333,0.7005
"Micronesia, Fed. States of",2000,113.04717564761,,233271800,,,6.46,,0.7005
"Micronesia, Fed. States of",2001,98.330197784134,,240970900,,,3.69,,0.7604
"Micronesia, Fed. States of",2002,117.391173137997,,242517200,,,1.73,,0.8203
"Micronesia, Fed. States of",2003,89.6070673768614,,245432900,,,1.15,,0.8802
"Micronesia, Fed. States of",2004,54.8387304103666,,240236000,,,1.56,,0.9401
"Micronesia, Fed. States of",2005,49.9533090358174,,250281900,,,3.51,,1.0000
"Micronesia, Fed. States of",2006,46.6227579357199,,253541900,,,5.15,,1.0000
"Micronesia, Fed. States of",2007,48.4794659772571,,256787200,,,5.27,,1.0000
"Micronesia, Fed. States of",2008,39.9862245220158,,263145100,,,2.96,,1.0000
"Micronesia, Fed. States of",2009,55.7186142195801,,280284600,,,0.56,,1.0000
"Micronesia, Fed. States of",2010,55.7638508999963,,296944100,,,0.31,,1.0000
"Micronesia, Fed. States of",2011,75.0624132091201,,311301600,,,0.3,,1.0000
"Micronesia, Fed. States of",2012,76.7963299889957,,327248700,,,0.28,,1.0000
"Micronesia, Fed. States of",2013,84.3430958002683,,317214400,,,0.17,,1.0000
"Micronesia, Fed. States of",2014,114.124949546814,,319271200,,,0.12,,1.0000
"Micronesia, Fed. States of",2015,135.11489829569,,316489900,,,0.23,,1.0000
"Micronesia, Fed. States of",2016,156.984836357184,,332265200,,,0.64,,1.0000
"Micronesia, Fed. States of",2017,203.718873504125,,366666800,,,1.15,,1.0000
"Micronesia, Fed. States of",2018,203.528219216567,,401932300,,,2.19,,1.0000
"Micronesia, Fed. States of",2019,397.158244634291,,412000000,,,2.21,,1.0000
Moldova,2000,222.490325115233,,1288429391.79951,54.7960014343262,50.8699989318848,6.46,,0.1635
Moldova,2001,228.532262248502,,1480673594.05602,53.6699981689453,51.0299987792969,3.69,,0.1635
Moldova,2002,268.85594232755,,1661818168.4226,52.7330017089844,49.6500015258789,1.73,,0.1635
Moldova,2003,302.270799145864,,1980907434.76826,47.5250015258789,43,1.15,17.24,0.1635
Moldova,2004,470.258874786485,,2598249555.89984,45.6580009460449,40.4900016784668,1.56,16.7575,0.1635
Moldova,2005,597.44806748296,,2988348836.471,45.2050018310547,40.6500015258789,3.51,6.48,0.1635
Moldova,2006,775.47857197928,,3408244549.19999,42.8549995422363,33.5999984741211,5.15,9.52583333333333,0.1635
Moldova,2007,1333.68464672926,,4401189466.14058,42.5379981994629,32.7599983215332,5.27,14.7066666666667,0.1635
Moldova,2008,1672.40646142833,,6054849884.52656,42.5270004272461,31.0599994659424,2.96,19.4295833333333,0.1635
Moldova,2009,1480.26522743451,,5439422031.39627,40.0330009460449,28.1700000762939,0.56,18.04,0.1635
Moldova,2010,1717.68535256472,,6974982392.67155,38.5099983215332,27.5200004577637,0.31,7.90333333333333,0.1635
Moldova,2011,1964.97752909624,,8414351671.95869,39.4459991455078,27.5300006866455,0.3,12.4091666666667,0.1635
Moldova,2012,2511.05059006574,,8709138764.75917,38.4480018615723,26.4500007629395,0.28,7.15666666666667,0.1635
Moldova,2013,2817.7681246851,,9496717702.44839,39.2599983215332,28.8099994659424,0.17,6.18833333333333,0.1635
Moldova,2014,2153.8034245865,,9510198961.57287,41.6660003662109,30.4799995422363,0.12,7.61666666666667,0.1635
Moldova,2015,1754.24581682574,,7745241912.94722,42.3889999389648,34.1500015258789,0.23,20.2958333333333,0.1635
Moldova,2016,2203.19627129037,,8071469355.2527,42.9609985351563,33.7000007629395,0.64,17.4666666666667,0.1635
Moldova,2017,2800.17870343851,,9669741744.22001,40.4700012207031,32.3400001525879,1.15,7.36083333333333,0.1635
Moldova,2018,2992.18337212576,,11457443185.0542,35.7669982910156,24.4599990844727,2.19,5.91416666666667,0.1635
Moldova,2019,3056.03062837732,,11971345002.7757,40.1049995422363,20.9599990844727,2.21,6.33666666666667,0.1635
Mongolia,2000,178.768461291911,,1136896123.61298,56.6769981384277,48.6399993896484,6.46,,0.7005
Mongolia,2001,155.63128512037,,1267997934.3125,56.6290016174316,48.3499984741211,3.69,,0.7005
Mongolia,2002,218.505216164622,,1396555719.97409,56.5340003967285,44.9500007629395,1.73,,0.7005
Mongolia,2003,196.882127168395,,1595297355.78349,56.0130004882813,46.7000007629395,1.15,,0.7005
Mongolia,2004,193.737293021407,,1992066808.09598,55.976001739502,40.1699981689453,1.56,,0.7005
Mongolia,2005,333.150649734728,,2523471532.01083,55.8230018615723,39.8800010681152,3.51,,0.7005
Mongolia,2006,583.3959179359,,3414055566.1138,55.7480010986328,38.7599983215332,5.15,,0.7005
Mongolia,2007,801.74676606474,,4234999823.30839,55.6800003051758,41.5800018310547,5.27,,0.7005
Mongolia,2008,561.481849446504,,5623216448.86852,55.1529998779297,40.5900001525879,2.96,,0.7604
Mongolia,2009,1294.47300202796,,4583850367.88972,55.0439987182617,40.0099983215332,0.56,,0.6568
Mongolia,2010,2196.70453464351,,7189481824.07288,55.4720001220703,33.5299987792969,0.31,,0.7167
Mongolia,2011,2275.16278448304,,10409797649.3063,57.7000007629395,33.0299987792969,0.3,,0.7766
Mongolia,2012,3930.10986482685,,12292770631.1967,57.7000007629395,35.0200004577637,0.28,,0.8365
Mongolia,2013,2095.81023898785,,12582122604.1921,56.9739990234375,29.8199996948242,0.17,9.86208333333333,0.8365
Mongolia,2014,1540.35961436218,,12226514722.0861,57.2060012817383,27.9799995422363,0.12,13.0575,0.8365
Mongolia,2015,1246.50218272512,,11619892396.0767,56.9129981994629,28.4500007629395,0.23,15.43075,0.8365
Mongolia,2016,1239.9963624199,,11181350461.4723,54.4780006408691,30.3600006103516,0.64,16.3303333333333,0.8365
Mongolia,2017,2839.235472592,,11480847745.3187,55.7719993591309,28.7800006866455,1.15,13.8433333333333,0.8365
Mongolia,2018,2779.93175930349,,13178094459.4548,56.2709999084473,26.6599998474121,2.19,,0.8365
Mongolia,2019,3239.30841083181,,14206359006.8095,57.2000007629395,25.3199996948242,2.21,,0.8365
Rep. Of Montenegro,2000,,,984297589.359934,35.4189987182617,10.1099996566772,6.46,,
Rep. Of Montenegro,2001,,,1159869245.92513,35.3269996643066,9.82999992370605,3.69,,
Rep. Of Montenegro,2002,,,1284685050.52413,35.0970001220703,9.60999965667725,1.73,,
Rep. Of Montenegro,2003,,,1707710053.14938,34.859001159668,9.35000038146973,1.15,,
Rep. Of Montenegro,2004,,,2073234417.68066,34.5270004272461,9,1.56,,
Rep. Of Montenegro,2005,,,2257174480.78597,34.298999786377,8.63000011444092,3.51,,
Rep. Of Montenegro,2006,,,2721903148.91482,36.7039985656738,8.6899995803833,5.15,,
Rep. Of Montenegro,2007,688.838319209949,,3680711743.77224,39.3819999694824,8.64999961853027,5.27,,
Rep. Of Montenegro,2008,435.670237195004,,4545674527.61096,40.3720016479492,7.6100001335144,2.96,,
Rep. Of Montenegro,2009,572.613016575366,,4159330369.5471,39.5229988098145,6.96999979019165,0.56,,
Rep. Of Montenegro,2010,556.155216851418,,4143033275.88493,39.2089996337891,6.17999982833862,0.31,,
Rep. Of Montenegro,2011,392.69464034694,,4544516982.18263,39.1529998779297,5.46999979019165,0.3,,
Rep. Of Montenegro,2012,458.665566358864,,4087725812.66864,40.0470008850098,5.28000020980835,0.28,,
Rep. Of Montenegro,2013,584.205748261538,,4466039314.65002,40.3390007019043,4.55999994277954,0.17,,
Rep. Of Montenegro,2014,662.568377651563,,4594024179.62003,43.2299995422363,5.67999982833862,0.12,,
Rep. Of Montenegro,2015,681.847411617033,,4054712082.54743,44.3059997558594,7.71999979019165,0.23,,
Rep. Of Montenegro,2016,793.654021992476,,4377033429.26721,44.859001159668,7.73999977111816,0.64,,
Rep. Of Montenegro,2017,1015.96246025023,,4856632399.45775,45.8849983215332,7.94000005722046,1.15,,
Rep. Of Montenegro,2018,1202.48637213988,,5506766650.92112,47.5130004882813,8.02000045776367,2.19,,
Rep. Of Montenegro,2019,1529.17703635033,,5542053845.29274,48.7299995422363,7.15000009536743,2.21,,
Montserrat,2000,10.4032385185185,,,,,6.46,,
Montserrat,2001,12.4956796296296,,,,,3.69,,
Montserrat,2002,14.4013292592593,,,,,1.73,,
Montserrat,2003,15.2264851851852,,,,,1.15,,
Montserrat,2004,14.0974959259259,,,,,1.56,,
Montserrat,2005,13.9480114814815,,,,,3.51,,
Montserrat,2006,14.5564422222222,,,,,5.15,,
Montserrat,2007,14.4958574074074,,,,,5.27,,
Montserrat,2008,11.6713888888889,,,,,2.96,,
Montserrat,2009,14.3014096296296,,,,,0.56,,
Montserrat,2010,16.8173614991943,,,,,0.31,,
Montserrat,2011,24.8143189450719,,,,,0.3,,
Montserrat,2012,32.0847873656514,,,,,0.28,,
Montserrat,2013,40.5123415798214,,,,,0.17,,
Montserrat,2014,45.0987845203783,,,,,0.12,,
Montserrat,2015,51.47,,,,,0.23,,
Montserrat,2016,49.36,,,,,0.64,,
Montserrat,2017,47.58,,,,,1.15,,
Montserrat,2018,50.091336,,,,,2.19,,
Montserrat,2019,56.5117111111111,,,,,2.21,,
Mozambique,2000,723.179361333547,,5656473652.41147,82.5899963378906,82.2200012207031,6.46,,0.1635
Mozambique,2001,713.224219870017,,5398568543.63492,82.9329986572266,81.5199966430664,3.69,,0.1635
Mozambique,2002,802.498122586326,,5677003239.29386,83.2200012207031,80.9499969482422,1.73,,0.1635
Mozambique,2003,937.499604231933,,6303391143.83386,83.5009994506836,80.4700012207031,1.15,,0.1635
Mozambique,2004,1130.95524748723,,7631120533.36168,82.9899978637695,79.9800033569336,1.56,,0.1635
Mozambique,2005,1053.82010882852,,8542070109.70903,82.4560012817383,79.5100021362305,3.51,,0.1635
Mozambique,2006,1155.73124159491,,9176889070.42298,81.9250030517578,78.8600006103516,5.15,,0.1635
Mozambique,2007,1444.69133298989,,10450843291.2931,81.3600006103516,78.2600021362305,5.27,,0.1635
Mozambique,2008,1577.73216097306,,12556195188.5962,80.7829971313477,77.6500015258789,2.96,,0.1635
Mozambique,2009,2099.26602978412,,11914471497.1492,80.1890029907227,77.0500030517578,0.56,,0.1635
Mozambique,2010,2159.39478779537,,11104648673.0016,79.5849990844727,76.3899993896484,0.31,,0.1635
Mozambique,2011,2468.7716041521,,14381552432.9494,78.9690017700195,75.629997253418,0.3,,0.1635
Mozambique,2012,2770.24152617886,,16350804543.0515,78.3339996337891,74.8499984741211,0.28,,0.1635
Mozambique,2013,3142.33383319953,,16974320551.0213,77.6839981079102,74.0199966430664,0.17,,0.1635
Mozambique,2014,3009.98230435887,,17716084107.5888,77.0210037231445,73.120002746582,0.12,,0.1635
Mozambique,2015,2411.42372309729,,15950969018.9458,76.338996887207,72.120002746582,0.23,,0.1635
Mozambique,2016,1885.91823753838,,11936999283.1791,76.2949981689453,71.5599975585938,0.64,,0.1635
Mozambique,2017,3179.31460987796,,13219084261.3664,76.2539978027344,71.0599975585938,1.15,,0.1635
Mozambique,2018,2925.70486403441,,14845402473.5521,76.2080001831055,70.5899963378906,2.19,,0.1635
Mozambique,2019,3697.23328998712,,15390039241.674,76.1559982299805,70.2200012207031,2.21,,0.1635
Myanmar,2000,222.987555090852,,6849321645.95623,68.8320007324219,61.0999984741211,6.46,,0.0000
Myanmar,2001,400.458801130051,,6220270632.33592,68.4779968261719,60.4900016784668,3.69,,0.0000
Myanmar,2002,469.988328504307,,6110632857.66584,68.1220016479492,59.3400001525879,1.73,,0.0000
Myanmar,2003,550.224170680025,,7754647428.07324,67.7160034179688,57.8300018310547,1.15,,0.0000
Myanmar,2004,672.134265912112,,9390855297.73553,67.306999206543,56.8499984741211,1.56,,0.0000
Myanmar,2005,770.729162736186,,10588433068.8549,66.9000015258789,56.0999984741211,3.51,,0.0000
Myanmar,2006,1235.60637535429,,11863016315.2934,66.5070037841797,55.1300010681152,5.15,,0.0000
Myanmar,2007,3088.87888168998,,15591182544.7092,66.1429977416992,54.7000007629395,5.27,,0.0000
Myanmar,2008,3717.45559643089,,23013015832.1023,65.8280029296875,53.8899993896484,2.96,,0.0000
Myanmar,2009,5251.69358924314,,29455165594.6859,65.5189971923828,53.2900009155273,0.56,,0.0000
Myanmar,2010,5716.85581689603,,37796052938.7278,65.234001159668,53.1399993896484,0.31,11.5,0.0000
Myanmar,2011,7003.90790301112,,54118601974.7947,65.0540008544922,52.7999992370605,0.3,11.5,0.0000
Myanmar,2012,6964.02390537492,,58318677644.9492,64.8619995117188,52.5999984741211,0.28,9.5,0.0000
Myanmar,2013,8554.06372311893,,60572257122.2962,64.6350021362305,52.4000015258789,0.17,9.5,0.0000
Myanmar,2014,4227.6469388808,,63264892768.3726,64.411003112793,52.2000007629395,0.12,9.5,0.0000
Myanmar,2015,4350.88894214029,,63045305229.1046,64.2119979858398,51.689998626709,0.23,9.5,0.0000
Myanmar,2016,4618.58787375254,,60291736893.9397,62.2509994506836,51.2000007629395,0.64,9.5,0.0000
Myanmar,2017,4910.97048080223,,61449392056.1488,60.2849998474121,50.6199989318848,1.15,9.5,0.0000
Myanmar,2018,5346.88578245813,,67144725830.5753,60.9650001525879,48.1699981689453,2.19,9.5,0.0000
Myanmar,2019,5468.33604405248,,68697759361.231,59.193000793457,48.8499984741211,2.21,9.5,0.0000
Namibia,2000,259.836317576792,,3922247989.85562,43.1419982910156,31.2800006866455,6.46,,0.1635
Namibia,2001,234.251046833656,,3557333364.30795,43.0989990234375,31.1399993896484,3.69,,0.1635
Namibia,2002,323.133447622758,,3349184760.02543,43.0890007019043,30.7900009155273,1.73,,0.1635
Namibia,2003,325.217778017771,,4926471294.30116,43.0429992675781,30.4099998474121,1.15,,0.1635
Namibia,2004,345.060355267101,,6609198832.76313,43.060001373291,29.9699993133545,1.56,,0.1635
Namibia,2005,312.104907411467,,7248394160.35502,43.2109985351563,29.7399997711182,3.51,,0.1635
Namibia,2006,449.578847200303,,8001779551.06323,43.4729995727539,29.2900009155273,5.15,,0.1635
Namibia,2007,896.022010407354,,8839526451.57632,43.685001373291,28.9200000762939,5.27,,0.1635
Namibia,2008,1292.94822014149,,8607475308.11833,43.8889999389648,28.6800003051758,2.96,,0.1635
Namibia,2009,2050.9275268344,,8938868165.39166,44.0960006713867,28.5200004577637,0.56,,0.1635
Namibia,2010,1695.69112542722,,11431334447.4305,44.3660011291504,28.1100006103516,0.31,,0.1635
Namibia,2011,1786.68986790836,,12523402328.7671,46.1110000610352,27.7299995422363,0.3,,0.1635
Namibia,2012,1745.86624229235,,13042007432.4489,47.8819999694824,27.3700008392334,0.28,,0.1635
Namibia,2013,1511.16181262397,,12043276401.4161,49.9580001831055,31.3899993896484,0.17,,0.1635
Namibia,2014,1177.2016298477,,12435416063.4689,49.5639991760254,29.3199996948242,0.12,,0.1635
Namibia,2015,1688.18078714781,,11335179560.987,47.9589996337891,24.4799995422363,0.23,,0.1635
Namibia,2016,1833.67382203675,,10721994676.2429,46.3349990844727,20.0699996948242,0.64,,0.1635
Namibia,2017,2432.22119606343,,12895153157.3463,46.7560005187988,21.3500003814697,1.15,,0.1635
Namibia,2018,2149.813974088,,13682062250.8152,47.1749992370605,22.5900001525879,2.19,,0.1635
Namibia,2019,2049.13499515919,,12541928104.6242,47.1100006103516,21.8500003814697,2.21,,0.1635
Nepal,2000,945.404440309884,,5494252207.90502,83.9990005493164,75.25,6.46,8.5,0.1635
Nepal,2001,1037.71071387279,,6007055042.17687,83.8290023803711,74.5899963378906,3.69,8.5,0.1635
Nepal,2002,1017.63023633951,,6050875806.66403,83.734001159668,74.1900024414063,1.73,8.25,0.1635
Nepal,2003,1222.48343083775,,6330473096.54071,83.4199981689453,73.6100006103516,1.15,7.5,0.1635
Nepal,2004,1462.17402377965,,7273938314.71988,83.1790008544922,73.0800018310547,1.56,6.625,0.1635
Nepal,2005,1498.98496698396,,8130258041.46706,82.9800033569336,72.6399993896484,3.51,6.5,0.1635
Nepal,2006,1935.48767274692,,9043715355.8881,82.7509994506836,72.2099990844727,5.15,6.125,0.1635
Nepal,2007,2014.03285618907,,10325618017.379,82.5139999389648,71.7799987792969,5.27,6,0.1635
Nepal,2008,2457.91411529929,,12545438605.3959,82.2220001220703,71.129997253418,2.96,6,0.1635
Nepal,2009,2768.55666584134,,12854985464.0764,81.9599990844727,70.6100006103516,0.56,6,0.1635
Nepal,2010,2936.92871436241,,16002656434.4746,81.6660003662109,70.0400009155273,0.31,6,0.1635
Nepal,2011,3630.83096628124,,21573862466.8268,81.4550018310547,69.5400009155273,0.3,6,0.1635
Nepal,2012,4306.5611315806,,21703106501.9674,81.2129974365234,68.8600006103516,0.28,6,0.1635
Nepal,2013,5293.47975917911,,22162208956.1412,81.0670013427734,68.2399978637695,0.17,6,0.1635
Nepal,2014,6027.13820615087,,22731602969.9687,80.7809982299805,67.4800033569336,0.12,6,0.1635
Nepal,2015,7936.84178867798,,24360795410.6421,80.6790008544922,66.9300003051758,0.23,6,0.1635
Nepal,2016,8497.52291544336,,24524098184.648,80.9380035400391,66.6600036621094,0.64,6,0.1635
Nepal,2017,9167.12249760232,,28971589213.2184,80.5970001220703,65.8099975585938,1.15,6,0.1635
Nepal,2018,8070.41072584012,,33111525871.9538,80.7089996337891,65.0800018310547,2.19,6,0.1635
Nepal,2019,8398.18950874835,,34186190995.9565,80.7770004272461,64.379997253418,2.21,7.66666666666667,0.1635
Nicaragua,2000,488.462847062073,,5107329007.0922,55.7569999694824,31.8500003814697,6.46,,1.0000
Nicaragua,2001,379.93015296915,,5323146565.70315,56.0229988098145,31.2299995422363,3.69,,1.0000
Nicaragua,2002,448.133642760811,,5224213017.54386,56.2680015563965,30.9300003051758,1.73,,1.0000
Nicaragua,2003,502.061661819927,,5322454925.84746,56.5750007629395,30.5300006866455,1.15,,1.0000
Nicaragua,2004,668.198634906633,,5795568204.64532,57.6279983520508,30.3099994659424,1.56,,1.0000
Nicaragua,2005,727.807750907584,,6321335612.22233,58.5950012207031,28.8899993896484,3.51,,1.0000
Nicaragua,2006,921.891810938807,,6763361732.88486,58.9580001831055,29.1599998474121,5.15,,1.0000
Nicaragua,2007,1103.32244710909,,7423313548.52698,59.5460014343262,29.6100006103516,5.27,,1.0000
Nicaragua,2008,1140.84251960378,,8496946608.23151,59.0460014343262,28.1599998474121,2.96,,1.0000
Nicaragua,2009,1573.08225139172,,8298679908.55233,58.125,28.6599998474121,0.56,,1.0000
Nicaragua,2010,1798.98129319797,,8758639096.47693,58.6459999084473,29.4699993133545,0.31,,1.0000
Nicaragua,2011,1892.24842380235,,9774307336.23792,59.810001373291,30.2700004577637,0.3,,1.0000
Nicaragua,2012,1887.21493820452,,10532006608.1447,60.9519996643066,30.5100002288818,0.28,,1.0000
Nicaragua,2013,1992.96077302599,,10982979274.1922,61.2239990234375,30.8799991607666,0.17,,1.0000
Nicaragua,2014,2276.1767807117,,11880434070.7811,62.0330009460449,31.4400005340576,0.12,,1.0000
Nicaragua,2015,2492.26279193881,,12756706583.3113,62.0400009155273,30.9799995422363,0.23,,1.0000
Nicaragua,2016,2447.77138181086,,13286083644.8761,62.6769981384277,30.3700008392334,0.64,,1.0000
Nicaragua,2017,2757.78558666498,,13785909906.1925,63.1879997253418,29.9200000762939,1.15,,1.0000
Nicaragua,2018,2261.14336012993,,13025239912.2751,61.7550010681152,30.3299999237061,2.19,,1.0000
Nicaragua,2019,2397.44466892872,,12596636042.2321,61.560001373291,30.6000003814697,2.21,,1.0000
Niger,2000,,,2241753120.21267,77.9280014038086,76.6500015258789,6.46,,0.1635
Niger,2001,,,2448714680.56221,78.0019989013672,76.4599990844727,3.69,,0.1635
Niger,2002,,,2782192986.95772,77.7129974365234,76.3499984741211,1.73,,0.1635
Niger,2003,,,3394084884.67098,77.4079971313477,76.3199996948242,1.15,,0.1635
Niger,2004,,,3760443965.72976,77.0989990234375,76.3499984741211,1.56,,0.1635
Niger,2005,,,4383315656.99096,76.8479995727539,76.129997253418,3.51,,0.1635
Niger,2006,,,4756361479.98873,77.2689971923828,75.9400024414063,5.15,,0.1635
Niger,2007,,,5731485267.33492,77.6699981689453,75.8399963378906,5.27,,0.1635
Niger,2008,,,7297600896.86099,78.0950012207031,75.5500030517578,2.96,,0.1635
Niger,2009,,,7352131669.2941,78.4690017700195,75.4800033569336,0.56,,0.1635
Niger,2010,,,7851191899.3408,78.870002746582,75.1399993896484,0.31,,0.1635
Niger,2011,,,8772951261.81807,79.265998840332,75.0400009155273,0.3,,0.1635
Niger,2012,,,9426913349.22319,75.9609985351563,74.5500030517578,0.28,,0.1635
Niger,2013,,,10224897934.722,74.6340026855469,74.2699966430664,0.17,,0.1635
Niger,2014,,,10862944203.5591,73.1869964599609,73.9700012207031,0.12,6.25,0.1635
Niger,2015,,,9683867893.68343,73.1660003662109,73.7699966430664,0.23,6,0.1635
Niger,2016,,,10398862244.9737,73.161003112793,73.4800033569336,0.64,,0.1635
Niger,2017,,,11185102399.5762,73.1429977416992,73.2200012207031,1.15,,0.1635
Niger,2018,,,12808660528.0617,73.1190032958984,72.8600006103516,2.19,,0.1635
Niger,2019,,,12916455161.1081,73.0849990844727,72.5400009155273,2.21,,0.1635
Nigeria,2000,9910.9010475379,,69448756932.5833,57.867000579834,48.75,6.46,,0.1797
Nigeria,2001,10456.6428660477,,72797282065.0415,57.8889999389648,48.1300010681152,3.69,,0.2396
Nigeria,2002,7331.33698909119,,95054094655.3277,57.9269981384277,47.0999984741211,1.73,,0.2396
Nigeria,2003,7128.4366360012,,104738980156.958,57.9189987182617,46.3699989318848,1.15,,0.2995
Nigeria,2004,16955.6379691635,,135764715375.206,57.9339981079102,45.560001373291,1.56,,0.2995
Nigeria,2005,28279.6207172055,,175670536601.006,57.9370002746582,44.9500007629395,3.51,,0.2995
Nigeria,2006,42298.3131333081,,238454952231.572,57.984001159668,44.3400001525879,5.15,,0.2995
Nigeria,2007,51333.3783356826,,278260808841.03,58.0219993591309,43.6599998474121,5.27,,0.2995
Nigeria,2008,53000.5753065368,,339476215683.592,58.0519981384277,42.9500007629395,2.96,,0.2995
Nigeria,2009,42382.7177381048,,295008767295.038,58.0800018310547,42.1599998474121,0.56,,0.2995
Nigeria,2010,32339.4727156973,,366990528103.078,58.101001739502,41.3600006103516,0.31,,0.2995
Nigeria,2011,32639.9874357376,,414466540786.738,58.132999420166,40.5800018310547,0.3,,0.2995
Nigeria,2012,43830.6381316587,,463971000388.612,55.6959991455078,39.4700012207031,0.28,,0.2995
Nigeria,2013,42847.5321375804,,520117163617.721,53.2249984741211,38.2700004577637,0.17,,0.2995
Nigeria,2014,34241.7378744871,,574183825592.358,52.6940002441406,37.5099983215332,0.12,,0.2995
Nigeria,2015,28283.23014431,,493026782401.561,52.7760009765625,36.939998626709,0.23,,0.2995
Nigeria,2016,27232.9643193379,,404649048648.026,51.2050018310547,36.5499992370605,0.64,,0.2995
Nigeria,2017,39608.5252963652,,375745732274.676,50.4189987182617,36.0499992370605,1.15,,0.2995
Nigeria,2018,42838.869124791,,421739210176.152,50.3289985656738,35.5299987792969,2.19,,0.2995
Nigeria,2019,38335.8904787729,,448120015209.525,50.2350006103516,34.9700012207031,2.21,,0.2995
Oman,2000,2379.85141847575,,19507452535.7607,52.5410003662109,6.3899998664856,6.46,,0.7465
Oman,2001,2364.94047499359,,19452000520.156,52.4360008239746,6.69999980926514,3.69,,0.7465
Oman,2002,3173.47293134952,,20142756046.814,52.6380004882813,7.01000022888184,1.73,,0.7465
Oman,2003,3593.49080619828,,21633708192.4577,52.9889984130859,7.32999992370605,1.15,,1.0000
Oman,2004,3597.3383805638,,24763712873.8622,54.2319984436035,7.6399998664856,1.56,,1.0000
Oman,2005,4358.0647360032,,31081991677.5033,55.443000793457,7.92999982833862,3.51,,1.0000
Oman,2006,5014.046319411,,37215779713.9142,56.6590003967285,8.21000003814697,5.15,,1.0000
Oman,2007,9523.47485243137,,42085379453.8362,57.8320007324219,8.43000030517578,5.27,,1.0000
Oman,2008,11581.8766589705,,60905452535.7607,59.0309982299805,8.60999965667725,2.96,,1.0000
Oman,2009,12202.942945786,,48388363589.0767,60.2490005493164,6.78999996185303,0.56,,1.0000
Oman,2010,13024.3923204615,,64993498049.4148,61.4360008239746,5.15000009536743,0.31,,1.0000
Oman,2011,14365.2751060241,,77497529258.7776,62.6500015258789,5.09000015258789,0.3,,1.0000
Oman,2012,14400.0943059676,,87408842652.7958,63.8889999389648,5.03000020980835,0.28,,1.0000
Oman,2013,15950.2929102884,,89936020806.2419,65.0319976806641,4.8600001335144,0.17,,1.0000
Oman,2014,16323.6817936461,,92699089726.9181,66.1620025634766,4.67999982833862,0.12,,1.0000
Oman,2015,17543.2987327005,,78710793237.9714,67.3280029296875,4.57000017166138,0.23,,1.0000
Oman,2016,20261.504991421,,75128738621.5865,68.4560012817383,4.46999979019165,0.64,,1.0000
Oman,2017,16087.9701732709,,80856697009.1027,69.1709976196289,4.32000017166138,1.15,,1.0000
Oman,2018,17387.5465063455,,91505851755.5267,69.7919998168945,4.1399998664856,2.19,,1.0000
Oman,2019,16660.777436189,,88060858257.4772,69.8870010375977,3.99000000953674,2.21,,1.0000
Pakistan,2000,1513.34751418215,,82017743416.2841,50.1180000305176,43.0099983215332,6.46,,0.1635
Pakistan,2001,3640.02580443274,,79484403984.8849,50.1450004577637,42.75,3.69,10.4933,0.1635
Pakistan,2002,8078.28963146045,,79904985384.8652,50.173999786377,42.5099983215332,1.73,7.92874166666667,0.1635
Pakistan,2003,10940.9654363329,,91760542940.0717,50.2919998168945,42.0900001525879,1.15,3.40750833333333,0.1635
Pakistan,2004,9799.02745662103,,107759683863.123,50.4189987182617,42.5699996948242,1.56,4.63016666666667,0.1635
Pakistan,2005,10032.828334068,,120055291992.938,50.0810012817383,43.0699996948242,3.51,6.19175,0.1635
Pakistan,2006,11543.1154981544,,137264061106.043,49.7400016784668,43.3899993896484,5.15,8.46916666666667,0.1635
Pakistan,2007,14044.0241972965,,152385716311.916,49.8499984741211,43.6399993896484,5.27,9.49333333333333,0.1635
Pakistan,2008,7194.23393718211,,170077814106.305,49.8699989318848,44.7000007629395,2.96,12.105,0.1635
Pakistan,2009,11318.2426335603,,168152775283.032,50.2669982910156,43.310001373291,0.56,12.725,0.1635
Pakistan,2010,14345.9039395703,,177165635077.065,50.6689987182617,43.3899993896484,0.31,12.9412166666667,0.1635
Pakistan,2011,14527.9903123776,,213587413183.996,50.3639984130859,43.4900016784668,0.3,13.3657458333333,0.1635
Pakistan,2012,10241.5037763039,,224383620829.57,50.1660003662109,42.8899993896484,0.28,11.7269291666667,0.1635
Pakistan,2013,5155.98808914108,,231218567178.979,49.931999206543,42.2400016784668,0.17,10.86325,0.1635
Pakistan,2014,11807.0786979903,,244360888750.807,50.0670013427734,42.2299995422363,0.12,11.8749083333333,0.1635
Pakistan,2015,17829.7313928997,,270556131701.171,50.1730003356934,41.0099983215332,0.23,7.71905,0.1635
Pakistan,2016,19650.422286138,,313629858859.587,49.7309989929199,42.2700004577637,0.64,6.31819444444444,0.1635
Pakistan,2017,15764.804401542,,339205615769.187,49.326000213623,39.8600006103516,1.15,6.39179444444444,0.1635
Pakistan,2018,9174.68359858948,,356128224957.085,48.9099998474121,37.4199981689453,2.19,9.7341,0.1635
Pakistan,2019,13421.1972255616,,320909489229.723,49.1450004577637,36.9199981689453,2.21,12.6719166666667,0.1635
Panama,2000,722.595056913888,,12304115000,59.3650016784668,16.9699993133545,6.46,,1.0000
Panama,2001,1091.76079780153,,12502013400,59.8219985961914,18.0599994659424,3.69,,1.0000
Panama,2002,1182.83336077351,,12994310400,60.2980003356934,17.3500003814697,1.73,,1.0000
Panama,2003,1010.96963050074,,13693981200,60.390998840332,17.4799995422363,1.15,,1.0000
Panama,2004,630.64627679381,,15013381700,60.7599983215332,16.0100002288818,1.56,,1.0000
Panama,2005,1210.53190583646,,16374393900,60.8950004577637,15.6800003051758,3.51,,1.0000
Panama,2006,1334.98334781531,,18141666300,60.0050010681152,15.9499998092651,5.15,,1.0000
Panama,2007,1935.05162452824,,21295984200,59.8790016174316,14.7399997711182,5.27,,1.0000
Panama,2008,2423.78283873722,,25155888600,61.2960014343262,17.8999996185303,2.96,,1.0000
Panama,2009,3028.27237796829,,27116635600,61.6790008544922,18.0400009155273,0.56,,1.0000
Panama,2010,2714.46985581081,,29440287600,59.3849983215332,17.4200000762939,0.31,,1.0000
Panama,2011,2303.72732010768,,34686224300,59.0410003662109,16.5499992370605,0.3,,1.0000
Panama,2012,2466.27301984038,,40429700000,60.7919998168945,16.7099990844727,0.28,,1.0000
Panama,2013,2847.99100835912,,45599900000,61.492000579834,16.3600006103516,0.17,,1.0000
Panama,2014,4032.19674133615,,49921400000,60.9440002441406,15.6999998092651,0.12,,1.0000
Panama,2015,3378.09835389896,,54091800000,60.9109992980957,14.6700000762939,0.23,,1.0000
Panama,2016,3846.75335906372,,57907700000,60.8860015869141,15.3599996566772,0.64,,1.0000
Panama,2017,2703.33616152673,,62202700000,60.0880012512207,14.4899997711182,1.15,,1.0000
Panama,2018,2121.30371810741,,64929400000,61.4990005493164,14.210000038147,2.19,,1.0000
Panama,2019,3423.47709841293,,66984400000,62.4230003356934,14.4099998474121,2.21,,1.0000
Papua New Guinea,2000,286.867571747747,,3521339699.07407,70.3539962768555,73.3199996948242,6.46,,0.1635
Papua New Guinea,2001,422.646281569706,,3081024212.42924,68.3860015869141,72.7699966430664,3.69,,0.1635
Papua New Guinea,2002,321.506275379361,,2999511040.19764,66.2939987182617,72.5100021362305,1.73,,0.1635
Papua New Guinea,2003,494.17578269766,,3536411824.2958,64.1449966430664,72.120002746582,1.15,,0.1635
Papua New Guinea,2004,632.562570997279,,3927157866.96465,61.8959999084473,71.4400024414063,1.56,,0.1635
Papua New Guinea,2005,718.099379435726,,4865892972.27595,59.6100006103516,70.8300018310547,3.51,7.995,0.4470
Papua New Guinea,2006,1400.67933319493,,8355006706.57899,57.2169990539551,70.0199966430664,5.15,8.17,0.4470
Papua New Guinea,2007,2053.70869689102,,9545177014.1301,54.8079986572266,68.870002746582,5.27,8.42166666666667,0.5069
Papua New Guinea,2008,1953.40179941046,,11670840931.8173,52.2690010070801,68.5,2.96,9.23833333333333,0.5668
Papua New Guinea,2009,2560.60873536278,,11619637798.991,49.8450012207031,67.2099990844727,0.56,11.66,0.6267
Papua New Guinea,2010,3032.63634540448,,14250755231.1257,47.3730010986328,65.4300003051758,0.31,10.8625041666667,0.6866
Papua New Guinea,2011,4256.35333528355,,17984910501.8979,47.0999984741211,64.5500030517578,0.3,8.917875,0.7465
Papua New Guinea,2012,3930.34590845073,,21295659243.6168,47.076000213623,63.1699981689453,0.28,9.06083333333333,0.7465
Papua New Guinea,2013,2774.71831714749,,21261432791.2675,47.0330009460449,62.189998626709,0.17,8.13166666666667,0.7465
Papua New Guinea,2014,2253.52723338802,,23210682538.3928,46.8520011901855,61.3600006103516,0.12,10.1483333333333,0.7465
Papua New Guinea,2015,1691.78967962188,,21723531173.2409,46.6310005187988,59.7999992370605,0.23,10.7904166666667,0.7465
Papua New Guinea,2016,1607.73693834872,,20759069103.0961,46.5789985656738,59,0.64,11.0891666666667,0.4630
Papua New Guinea,2017,1680.26733934036,,22742613553.6879,46.5309982299805,58.1500015258789,1.15,10.948375,0.4630
Papua New Guinea,2018,2158.6515774358,,24109509852.7402,46.5709991455078,57.3199996948242,2.19,11.1366666666667,0.2995
Papua New Guinea,2019,2242.99894722446,,24751344560.8856,46.5400009155273,56.1500015258789,2.21,,0.2995
Paraguay,2000,762.827426358737,,8855705139.55857,63.9550018310547,33.9000015258789,6.46,,0.7465
Paraguay,2001,713.509965884361,,8495806432.18467,64.661003112793,34.0099983215332,3.69,,0.7465
Paraguay,2002,629.194593795789,,7196260656.84556,62.2939987182617,33.8300018310547,1.73,,0.7465
Paraguay,2003,968.8582544114,,7691367471.17992,62.9959983825684,31.3299999237061,1.15,,0.7465
Paraguay,2004,1168.04677898545,,9624440836.2931,66.7239990234375,32.75,1.56,,0.7465
Paraguay,2005,1297.08853807535,,10737500188.1123,66.8929977416992,32.0200004577637,3.51,,0.7465
Paraguay,2006,1702.1471786523,,13429430050.261,63.5099983215332,30.3099994659424,5.15,,0.7465
Paraguay,2007,2461.47207725277,,17856393235.4338,65.5790023803711,28.6700000762939,5.27,,0.7465
Paraguay,2008,2844.55596651468,,24615267663.5456,66.2369995117188,25.2999992370605,2.96,,0.6866
Paraguay,2009,3838.64217252784,,22355151161.994,65.8190002441406,27.9599990844727,0.56,,0.6267
Paraguay,2010,4136.81460600527,,27260886405.2263,64.6439971923828,25.6200008392334,0.31,,0.5668
Paraguay,2011,4950.05814905874,,33756238766.5,64.7480010986328,25.5200004577637,0.3,,0.5069
Paraguay,2012,4556.60867279258,,33271921136.315,68.3649978637695,26.1399993896484,0.28,,0.4470
Paraguay,2013,5555.57980533582,,38501122141.4241,66.8099975585938,22.8199996948242,0.17,,0.4470
Paraguay,2014,6668.89591856047,,40377929295.6419,64.5419998168945,22.0799999237061,0.12,,0.4470
Paraguay,2015,5659.2925469591,,36211447840.0971,64.8320007324219,19.7000007629395,0.23,,0.4470
Paraguay,2016,6579.00933614371,,36089700222.9461,66.2969970703125,21.3199996948242,0.64,,0.4470
Paraguay,2017,7536.00565342124,,38997129473.5558,66.963996887207,20.1800003051758,1.15,,0.4470
Paraguay,2018,7360.2657950412,,40225448340.6322,67.4000015258789,20.0799999237061,2.19,,0.4470
Paraguay,2019,7316.17047562534,,37925338329.1494,67.6190032958984,18.7199993133545,2.21,,0.4470
Peru,2000,8373.99676357695,,51744749133.213,62.568000793457,34.7999992370605,6.46,,1.0000
Peru,2001,8671.84984416551,,52030158775.4055,65.3330001831055,34.6599998474121,3.69,,1.0000
Peru,2002,9339.04652505873,,54777553515.0809,67.1559982299805,34.2099990844727,1.73,,1.0000
Peru,2003,9776.80343197911,,58731030121.8671,69.2910003662109,35.9799995422363,1.15,,1.0000
Peru,2004,12176.4093349954,,66768703497.5687,70.4729995727539,34.25,1.56,,1.0000
Peru,2005,13599.4254700355,,76060606060.6061,71.8539962768555,34.8199996948242,3.51,,1.0000
Peru,2006,16733.281647533,,88643193061.748,73.7429962158203,33.0800018310547,5.15,,1.0000
Peru,2007,26856.4682956442,,102170981144.136,75.5009994506836,29.4300003051758,5.27,,1.0000
Peru,2008,30271.4544311182,,120550599815.441,75.5970001220703,28.9200000762939,2.96,,1.0000
Peru,2009,32012.6327415813,,120822986521.479,75.8850021362305,28.5200004577637,0.56,,1.0000
Peru,2010,42647.9029470204,,147528937028.778,76.8949966430664,27.7299995422363,0.31,,1.0000
Peru,2011,47206.3033345068,,171761737046.585,76.5210037231445,28.2800006866455,0.3,,1.0000
Peru,2012,62300.3164473775,,192648999090.082,75.9179992675781,27.4400005340576,0.28,,1.0000
Peru,2013,64423.2395778092,,201175469114.327,75.0800018310547,27.4099998474121,0.17,,1.0000
Peru,2014,61185.2704591606,,200789362451.567,74.5859985351563,28.0300006866455,0.12,,1.0000
Peru,2015,60413.1215436308,,189805300841.603,73.4179992675781,28.2600002288818,0.23,,1.0000
Peru,2016,60523.6658873893,,191895943823.887,73.9570007324219,28.3799991607666,0.64,,1.0000
Peru,2017,62373.8966159787,,211007207483.515,74.1589965820313,27.6900005340576,1.15,,1.0000
Peru,2018,58904.3542327941,,222597212925.211,74.4860000610352,27.7900009155273,2.19,,1.0000
Peru,2019,66013.5584333692,,228323495040.901,74.745002746582,27.3700008392334,2.21,,1.0000
Philipines,2000,13090.2182360191,,83669693589.1547,59.060001373291,37.1100006103516,6.46,12.76725,0.4470
Philipines,2001,13476.2921989252,,78921234457.5487,59.0060005187988,37.0299987792969,3.69,13.3265416666667,0.4470
Philipines,2002,13329.278364983,,84307291973.8158,59.0069999694824,37,1.73,8.68766666666667,0.4470
Philipines,2003,13654.8731630659,,87039145965.2826,58.9819984436035,36.4199981689453,1.15,8.71516666666667,0.4470
Philipines,2004,13116.2839456323,,95002028504.6904,59.3359985351563,35.9700012207031,1.56,10.2623333333333,0.4470
Philipines,2005,15925.9832704456,,107419961717.693,59.25,35.3899993896484,3.51,8.66,0.4470
Philipines,2006,20025.4186167326,,127652859201.041,58.931999206543,34.810001373291,5.15,7.38375,0.4470
Philipines,2007,30210.5971017617,,155980378253.634,59.1590003967285,34.2200012207031,5.27,5.34025,0.4470
Philipines,2008,33192.8935943423,,181624577154.679,58.7980003356934,34.0299987792969,2.96,,0.4470
Philipines,2009,38782.8928373944,,175974711592.145,59.068000793457,33.7599983215332,0.56,,0.4470
Philipines,2010,55362.8214445526,,208368726861.407,59.2120018005371,32.9199981689453,0.31,,0.1635
Philipines,2011,67289.6817871415,,234216930369.796,59.9959983825684,32.6800003051758,0.3,,0.1635
Philipines,2012,73478.3899406134,,261920509950.555,59.5690002441406,32.1599998474121,0.28,,0.1635
Philipines,2013,75688.6073784748,,283902728260.716,59.298999786377,31.0499992370605,0.17,,0.1635
Philipines,2014,72056.986769774,,297483247101.038,59.931999206543,30.4200000762939,0.12,2.73,0.4470
Philipines,2015,73963.945253147,,306446140628.709,59.5250015258789,29.1900005340576,0.23,,0.4470
Philipines,2016,73432.698663632,,318626761492.867,59.9269981384277,26.8999996185303,0.64,,0.4470
Philipines,2017,73228.4670608398,,328480867142.69,57.6319999694824,25.4400005340576,1.15,,0.4470
Philipines,2018,71039.8721694545,,346842094175.24,57.5999984741211,24.2900009155273,2.19,,0.4470
Philipines,2019,79823.6563281172,,376823278560.849,58.109001159668,22.8600006103516,2.21,,0.4470
Poland,2000,26562.0477171752,,172219461126.067,47.5439987182617,18.6700000762939,6.46,,0.1635
Poland,2001,25648.4248395156,,190905493539.168,46.4070014953613,19.2000007629395,3.69,10.6816666666667,0.1635
Poland,2002,28649.7028753915,,199072058823.529,44.5970001220703,19.6299991607666,1.73,7.35583333333333,0.4470
Poland,2003,32579.1182132397,,217827260805.842,44.0480003356934,18.2000007629395,1.15,5.7775,0.4470
Poland,2004,35323.8594133981,,255110181539.808,44.0019989013672,17.6100006103516,1.56,6.89666666666667,0.4470
Poland,2005,40863.6523011177,,306144336269.51,45.1549987792969,17.3799991607666,3.51,5.21833333333333,0.4470
Poland,2006,46371.0525788457,,344622003093.581,46.5260009765625,15.789999961853,5.15,5.23166666666667,0.4470
Poland,2007,62966.7895245349,,429028505365.078,48.5540008544922,14.75,5.27,5.48416666666667,0.4470
Poland,2008,59305.6039335405,,533609081852.897,50.3600006103516,13.9700002670288,2.96,6.07166666666667,0.4470
Poland,2009,75923.343669465,,439737508413.192,50.4329986572266,13.289999961853,0.56,6.12,0.4470
Poland,2010,88821.825714386,,475696613935.595,49.9869995117188,13.0500001907349,0.31,5.78166666666667,0.4470
Poland,2011,92646.4882770065,,524382678547.32,50.201000213623,12.9099998474121,0.3,5.95583333333333,0.4470
Poland,2012,103396.170932518,,495236910793.797,50.2330017089844,12.5799999237061,0.28,5,0.4470
Poland,2013,102235.904328478,,515764728216.162,50.1609992980957,12,0.17,4.03361111111111,0.4470
Poland,2014,96461.5313329525,,539087652559.835,51.193000793457,11.4899997711182,0.12,3.51583333333333,0.4470
Poland,2015,91394.8184304186,,477111287969.227,51.9480018615723,11.5299997329712,0.23,2.7016038882615,0.7005
Poland,2016,110535.28359047,,470022572790.91,52.7569999694824,10.5799999237061,0.64,3.03583333333333,0.7005
Poland,2017,108975.251054109,,524645833884.582,53.6800003051758,10.2200002670288,1.15,3.42,0.7005
Poland,2018,111656.116422589,,588782567765.872,54.1710014343262,9.61999988555908,2.19,3.19833333333333,0.7005
Poland,2019,117196.226086771,,596054591863.312,54.3569984436035,9.14999961853027,2.21,2.3475,0.7005
Qatar,2000,1157.98756155416,,17759890109.8901,79.6009979248047,2.59999990463257,6.46,,1.0000
Qatar,2001,1312.68690240082,,17538461538.4615,79.3219985961914,2.28999996185303,3.69,,1.0000
Qatar,2002,1566.79685157437,,19363736263.7363,79.0699996948242,2.44000005722046,1.73,,1.0000
Qatar,2003,2944.15477148057,,23533791208.7912,79.3010025024414,2.59999990463257,1.15,,1.0000
Qatar,2004,3395.93824055407,,31734065934.0659,79.765998840332,2.75,1.56,,1.0000
Qatar,2005,4542.36733209191,,44530494505.4945,81.1240005493164,2.85999989509583,3.51,,1.0000
Qatar,2006,5382.66056502756,,60882142857.1429,81.8259963989258,2.97000002861023,5.15,,1.0000
Qatar,2007,9416.37944611503,,79712087912.0879,83.2900009155273,2.34999990463257,5.27,,1.0000
Qatar,2008,9649.46101898446,,115270054945.055,84.8150024414063,1.57000005245209,2.96,,1.0000
Qatar,2009,18369.7375475506,,97798351648.3516,86.0429992675781,1.57000005245209,0.56,,1.0000
Qatar,2010,30620.7632125165,,125122306346.154,86.765998840332,1.46000003814697,0.31,,1.0000
Qatar,2011,16198.468642533,,167775268626.374,86.6240005493164,1.36000001430511,0.3,,1.0000
Qatar,2012,32520.9701300802,,186833502362.637,86.8300018310547,1.35000002384186,0.28,,1.0000
Qatar,2013,41601.456587965,,198727642967.033,87.234001159668,1.37999999523163,0.17,,1.0000
Qatar,2014,42734.1451175334,,206224598571.429,87.6470031738281,1.30999994277954,0.12,,1.0000
Qatar,2015,36500.3297650352,,161739955576.923,88.1029968261719,1.23000001907349,0.23,,1.0000
Qatar,2016,30793.6356978996,,151732181868.132,88.0469970703125,1.22000002861023,0.64,,1.0000
Qatar,2017,13769.7764236432,,161099122225.275,88.0250015258789,1.25,1.15,,1.0000
Qatar,2018,29070.3997560135,,183334953818.681,88.0810012817383,1.21000003814697,2.19,,1.0000
Qatar,2019,37651.2733144075,,175837550989.011,88.2210006713867,1.16999995708466,2.21,,1.0000
Romania,2000,2469.67827531485,,37253259016.9976,59.9490013122559,45.2099990844727,6.46,,0.1635
Romania,2001,3922.51436090263,,40394824679.1232,59.0629997253418,44.4300003051758,3.69,,0.1635
Romania,2002,6125.29508042939,,46066101951.2933,53.0940017700195,37.7099990844727,1.73,,0.4470
Romania,2003,8039.97454934238,,57806506024.0964,52.0429992675781,37.6800003051758,1.15,,0.5069
Romania,2004,14616.359180447,,74972669056.5922,51.3079986572266,32.5699996948242,1.56,,0.8203
Romania,2005,19872.0597350141,,98452791982.7024,50.0730018615723,32.2900009155273,3.51,6.99222222222222,0.8802
Romania,2006,28066.2378587066,,122022997508.01,50.9739990234375,30.6000003814697,5.15,7.23,0.9401
Romania,2007,37194.1399689892,,174585202805.233,51.2589988708496,29.5300006866455,5.27,7.13833333333333,1.0000
Romania,2008,36868.3682590995,,214313628965.024,51.3540000915527,28.7000007629395,2.96,7.69583333333333,1.0000
Romania,2009,40756.5676395597,,174103695930.213,50.7050018310547,29.0900001525879,0.56,9.69416666666667,1.0000
Romania,2010,43360.9101026969,,170029359010.667,51.0509986877441,31.0100002288818,0.31,7.33666666666667,1.0000
Romania,2011,42939.0959586277,,192614085153.841,50.2249984741211,29.2600002288818,0.3,6.65083333333333,1.0000
Romania,2012,41162.4021097631,,179132893143.417,50.9020004272461,29.7099990844727,0.28,5.68583333333333,1.0000
Romania,2013,44811.1152131707,,189790228071.757,50.6580009460449,29.25,0.17,4.24833333333333,1.0000
Romania,2014,39164.8085278466,,199712289501.971,51.1389999389648,28.3500003814697,0.12,2.21041666666667,1.0000
Romania,2015,35166.7312408315,,177882417554.984,50.826000213623,25.5900001525879,0.23,1.27416666666667,1.0000
Romania,2016,36133.0487928853,,185286854552.621,50.5509986877441,23.1000003814697,0.64,0.645833333333333,1.0000
Romania,2017,40106.7659370156,,210146748920.419,52.2309989929199,22.7800006866455,1.15,0.583523916666667,1.0000
Romania,2018,37856.0408379341,,243317079358.636,52.6759986877441,22.3099994659424,2.19,2.24583333333333,1.0000
Romania,2019,36931.4367335014,,251019278416.197,52.984001159668,21.2399997711182,2.21,1.565,1.0000
Russia,2000,24264.3391461263,,259710142196.943,54.6980018615723,14.4899997711182,6.46,,0.2535
Russia,2001,32542.40076937,,306602070620.5,54.5209999084473,12.0500001907349,3.69,,0.0000
Russia,2002,44053.6011670147,,345470494417.863,55.6959991455078,11.3400001525879,1.73,,0.4170
Russia,2003,73174.9467206866,,430347770731.787,55.1749992370605,10.8000001907349,1.15,,0.4170
Russia,2004,120808.79829573,,591016690742.798,55.8139991760254,10.4799995422363,1.56,,0.4170
Russia,2005,175891.409917674,,764017107992.392,56.5639991760254,10.1400003433228,3.51,7.84333333333333,0.4170
Russia,2006,295567.570300098,,989930542278.695,56.8419990539551,9.88000011444092,5.15,6.735,0.4170
Russia,2007,466750.41988205,,1299705764823.62,58.2799987792969,8.98999977111816,5.27,6.5225,0.4170
Russia,2008,411749.599971659,,1660846387624.78,58.5620002746582,8.52999973297119,2.96,7.53416666666667,0.4170
Russia,2009,416648.892265015,,1222644282201.86,57.2849998474121,8.27000045776367,0.56,11.0916666666667,0.4769
Russia,2010,443585.871721266,,1524917468442.01,57.8380012512207,7.75,0.31,7.56833333333333,0.5368
Russia,2011,453948.184789354,,2045925608274.37,58.5900001525879,7.69000005722046,0.3,7.70666666666667,0.5967
Russia,2012,486576.820807129,,2208295773643.15,59.2799987792969,7.32999992370605,0.28,,0.6566
Russia,2013,469602.700888888,,2292473246621.08,59.1730003356934,6.98999977111816,0.17,,0.7165
Russia,2014,339369.921935749,,2059241965490.83,59.3979988098145,6.71999979019165,0.12,,0.7165
Russia,2015,319835.210258841,,1363481063446.77,59.1419982910156,6.71000003814697,0.23,,0.7165
Russia,2016,317544.471407946,,1276786979221.81,59.2799987792969,6.71999979019165,0.64,,0.6566
Russia,2017,356084.02096411,,1574199387070.9,59.4900016784668,5.90000009536743,1.15,7.95722222222222,0.5967
Russia,2018,381575.041682719,,1657329646183.62,59.8110008239746,5.88000011444092,2.19,8.1875,0.5368
Russia,2019,443970.001638925,,1693113904262.89,59.4109992980957,5.82999992370605,2.21,7.69916666666667,0.4769
Rwanda,2000,190.641890700649,,2067579822.43604,84.8030014038086,88.5599975585938,6.46,,0.1635
Rwanda,2001,212.109512511183,,1965500949.34016,84.6269989013672,88.2399978637695,3.69,,0.1635
Rwanda,2002,243.728532498222,,1964832511.92978,84.4589996337891,87.7099990844727,1.73,,0.1635
Rwanda,2003,214.698552288102,,2137156726.89736,84.2870025634766,87.0199966430664,1.15,,0.1635
Rwanda,2004,314.640045452476,,2375376873.10914,84.1510009765625,86.1399993896484,1.56,,0.1635
Rwanda,2005,256.88228717377,,2932340855.31852,84.0059967041016,85.1600036621094,3.51,,0.1635
Rwanda,2006,381.762789729147,,3318107347.2799,83.8550033569336,84.1399993896484,5.15,,0.1635
Rwanda,2007,783.926885383969,,4068224991.08702,83.6999969482422,83.0899963378906,5.27,,0.1635
Rwanda,2008,769.313046836517,,5177230923.28829,83.5559997558594,81.870002746582,2.96,,0.1635
Rwanda,2009,1009.885490217,,5671592572.19972,83.3919982910156,80.7200012207031,0.56,,0.1635
Rwanda,2010,806.395755959935,,6121529488.49049,83.2399978637695,79.4499969482422,0.31,,0.2234
Rwanda,2011,717.579235836789,,6881379761.83833,83.0869979858398,78.0899963378906,0.3,,0.2833
Rwanda,2012,474.675025973947,,7650671476.94976,82.9329986572266,76.6100006103516,0.28,,0.6267
Rwanda,2013,654.177583464105,,7815975293.67372,82.765998840332,72.9000015258789,0.17,,0.6866
Rwanda,2014,945.126111233454,,8234762201.03869,82.6119995117188,68.4499969482422,0.12,,0.7465
Rwanda,2015,917.498055127134,,8539424910.07969,82.6039962768555,66.9499969482422,0.23,,0.7465
Rwanda,2016,1013.35607046449,,8690878327.95492,82.5670013427734,65.8199996948242,0.64,,0.7465
Rwanda,2017,1178.76581821496,,9252834120.39358,82.5449981689453,64.620002746582,1.15,,0.7465
Rwanda,2018,1355.05875816221,,9642440645.81148,82.5419998168945,63.3499984741211,2.19,,0.7465
Rwanda,2019,1464.8735378348,,10356327149.4262,82.5230026245117,62.2900009155273,2.21,,0.7465
Samoa,2000,63.6579005985558,,258856139.798489,42.1990013122559,41.9500007629395,6.46,,0.1635
Samoa,2001,56.6352596655088,,266299591.479428,41.882999420166,40.5800018310547,3.69,,0.1635
Samoa,2002,62.4936685199687,,281793623.822826,41.7130012512207,40.0200004577637,1.73,,0.1635
Samoa,2003,83.9096365316861,,333428715.810751,41.5750007629395,39.0099983215332,1.15,,0.1635
Samoa,2004,86.1337472822373,,407749562.600602,41.4339981079102,38.6399993896484,1.56,,0.1635
Samoa,2005,77.2569007477346,,476801793.159429,41.2999992370605,37.8699989318848,3.51,,0.1635
Samoa,2006,75.9068734668761,,499923757.780736,41.2060012817383,37.1500015258789,5.15,,0.1635
Samoa,2007,90.2646991001182,,573548459.833372,41.0750007629395,35.810001373291,5.27,,0.1635
Samoa,2008,81.9461099817463,,641346191.664776,40.9690017700195,35.3800010681152,2.96,,0.1635
Samoa,2009,144.476857502779,,628006115.424052,41.023998260498,35.7299995422363,0.56,,0.1635
Samoa,2010,173.039792834034,,680250453.148396,41.0750007629395,34.5400009155273,0.31,,0.1635
Samoa,2011,128.020438747896,,744104842.087627,41.0019989013672,33.7999992370605,0.3,,0.1635
Samoa,2012,128.350848550635,,773157453.281182,39.8079986572266,33.9500007629395,0.28,,0.1635
Samoa,2013,128.930588626755,,797728653.33275,39.8800010681152,33.939998626709,0.17,,0.1635
Samoa,2014,101.674433293393,,796698269.18109,39.8759994506836,33.0900001525879,0.12,,0.1635
Samoa,2015,112.244940954545,,824160018.151066,39.8740005493164,32.3300018310547,0.23,,0.1635
Samoa,2016,88.8683131645827,,843929639.973983,39.7560005187988,31.7600002288818,0.64,,0.1635
Samoa,2017,123.656063041719,,884847176.210759,39.6220016479492,31.4099998474121,1.15,,0.1635
Samoa,2018,162.559147904381,,878435084.164589,39.6469993591309,30.8500003814697,2.19,,0.1635
Samoa,2019,177.244065937656,,912944537.815126,39.6870002746582,30.2099990844727,2.21,,0.1635
Sao Tome and Principe,2000,11.6396638147926,,,47.125,31.1499996185303,6.46,,0.4769
Sao Tome and Principe,2001,15.4819336221487,,75951210.6852445,46.3339996337891,30.5799999237061,3.69,,0.5368
Sao Tome and Principe,2002,17.3525352577729,,85171308.1654435,45.2459983825684,30,1.73,,0.5967
Sao Tome and Principe,2003,25.4700200019815,,102085583.465275,45.9259986877441,29.2099990844727,1.15,,0.6566
Sao Tome and Principe,2004,19.5034283234182,,114582561.627097,46.0629997253418,29.3099994659424,1.56,,0.7165
Sao Tome and Principe,2005,26.7027309769363,,136450274.673234,45.8950004577637,27.9099998474121,3.51,,0.7165
Sao Tome and Principe,2006,34.1814874676944,,142775597.255916,45.7540016174316,27.0300006866455,5.15,,0.5530
Sao Tome and Principe,2007,39.3316210517574,,149146423.083742,45.9469985961914,26.4799995422363,5.27,,0.5530
Sao Tome and Principe,2008,61.2921702180379,,188021190.592847,46.2480010986328,25.6499996185303,2.96,,0.8365
Sao Tome and Principe,2009,66.6591234484089,,187820464.571058,46.4650001525879,25.1200008392334,0.56,,0.5530
Sao Tome and Principe,2010,48.170349065802,,196652514.267255,46.773998260498,24.3899993896484,0.31,,0.5530
Sao Tome and Principe,2011,52.1252177863105,,231489270.144529,47.0470008850098,23.7600002288818,0.3,,0.5530
Sao Tome and Principe,2012,51.5874911367281,,250680845.747837,47.3409996032715,23.2000007629395,0.28,,0.7165
Sao Tome and Principe,2013,63.7877665841619,,300554483.611626,47.318000793457,22.5400009155273,0.17,,0.7165
Sao Tome and Principe,2014,63.5239549791131,,346528329.183227,47.2799987792969,21.8299999237061,0.12,,1.0000
Sao Tome and Principe,2015,72.8647049867351,,316066072.343754,47.1879997253418,21.2399997711182,0.23,,0.7165
Sao Tome and Principe,2016,63.2030064164723,,345495614.979982,47.0960006713867,20.6599998474121,0.64,,0.7165
Sao Tome and Principe,2017,58.950229500284,,375614126.193877,46.984001159668,20.1000003814697,1.15,,0.7465
Sao Tome and Principe,2018,43.683545117539,,412253809.728799,46.8530006408691,19.6100006103516,2.19,,0.5830
Sao Tome and Principe,2019,47.1483767357912,,427425039.68434,46.7150001525879,19.1399993896484,2.21,,0.5830
Saudi Arabia,2000,19585.4825110682,,189514926213.333,46.9900016784668,6.11999988555908,6.46,,0.7005
Saudi Arabia,2001,17595.7313224819,,184137469733.333,46.2779998779297,6.03000020980835,3.69,,0.7005
Saudi Arabia,2002,20610.4523582289,,189605920240,45.2430000305176,4.65999984741211,1.73,,0.7005
Saudi Arabia,2003,22619.992815334,,215807655253.333,45.7980003356934,4.48999977111816,1.15,,0.7005
Saudi Arabia,2004,27290.8430204748,,258742263040,46.3639984130859,4.30999994277954,1.56,,0.7005
Saudi Arabia,2005,155028.930400961,,328459700114.755,46.9420013427734,4.15000009536743,3.51,,0.7005
Saudi Arabia,2006,226035.207816288,,376900135727.637,47.5309982299805,3.98000001907349,5.15,,0.7005
Saudi Arabia,2007,305455.432097369,,415964583055.37,47.6629981994629,4.28999996185303,5.27,,0.7005
Saudi Arabia,2008,442249.494002857,,519796738640,47.7350006103516,4.28999996185303,2.96,,0.7005
Saudi Arabia,2009,409693.597286328,,429097899280,47.2060012817383,4.05999994277954,0.56,,0.7005
Saudi Arabia,2010,444721.715565439,,528207332649.536,48.6720008850098,4.15999984741211,0.31,,0.7005
Saudi Arabia,2011,540676.567556256,,671238840108.229,50.1020011901855,4.26000022888184,0.3,,0.7005
Saudi Arabia,2012,656464.46721836,,735974843348.664,51.132999420166,4.3600001335144,0.28,,0.7005
Saudi Arabia,2013,725291.59742829,,746647127407.619,50.992000579834,4.44999980926514,0.17,,0.7005
Saudi Arabia,2014,731920.183443462,,756350347320.381,50.9679985046387,5.26000022888184,0.12,,0.7005
Saudi Arabia,2015,615985.084477742,,654269739552.019,51,6.09999990463257,0.23,,0.7005
Saudi Arabia,2016,535364.240227221,,644935682011.475,51.8450012207031,4.96999979019165,0.64,,0.7005
Saudi Arabia,2017,495990.427423656,,688586094412.68,51.685001373291,3.55999994277954,1.15,,0.7005
Saudi Arabia,2018,496156.104403823,,816578674529.141,52.4860000610352,2.51999998092651,2.19,,0.7005
Saudi Arabia,2019,499143.226682302,,803616264791.024,55.4879989624023,2.41000008583069,2.21,,0.7005
Senegal,2000,,,6013184809.23898,47.4970016479492,46.3199996948242,6.46,,0.1635
Senegal,2001,,,6507824767.06303,47.4440002441406,45.6300010681152,3.69,,0.1635
Senegal,2002,,,7006402592.45463,47.3639984130859,45.0999984741211,1.73,,0.1635
Senegal,2003,,,8768721956.33228,46.7840003967285,44.1699981689453,1.15,,0.1635
Senegal,2004,,,10076817278.1025,46.1749992370605,43.25,1.56,,0.1635
Senegal,2005,,,11009032665.3876,45.5750007629395,42.3400001525879,3.51,,0.1635
Senegal,2006,,,11697918802.7922,44.9850006103516,41.6199989318848,5.15,,0.1635
Senegal,2007,,,13994218939.2431,44.5060005187988,40.7000007629395,5.27,,0.1635
Senegal,2008,,,16853991176.9058,44.0299987792969,39.8400001525879,2.96,,0.1635
Senegal,2009,,,16145868284.5645,43.5410003662109,39.0699996948242,0.56,,0.1635
Senegal,2010,,,16121314670.9653,43.0660018920898,38.189998626709,0.31,,0.1635
Senegal,2011,,,17814284622.1718,42.5699996948242,37.4000015258789,0.3,,0.1635
Senegal,2012,,,17660871725.9977,42.5540008544922,36.3899993896484,0.28,6.25,0.1635
Senegal,2013,,,18918668644.1941,42.5,35.4900016784668,0.17,6.28333333333333,0.1635
Senegal,2014,,,19797254643.1212,42.4729995727539,34.3499984741211,0.12,6.25,0.1635
Senegal,2015,,,17774766636.0459,42.4150009155273,33.3300018310547,0.23,5.9375,0.1635
Senegal,2016,,,19040312815.1337,43.4360008239746,32.4900016784668,0.64,,0.1635
Senegal,2017,,,20996564751.5994,43.7480010986328,31.6200008392334,1.15,,0.1635
Senegal,2018,,,23116897847.0474,43.8880004882813,30.8299999237061,2.19,,0.1635
Senegal,2019,,,23398811423.578,44.0190010070801,30.1000003814697,2.21,,0.1635
Serbia,2000,,,6875845986.52121,49.6860008239746,27.3899993896484,6.46,,
Serbia,2001,,,12960538723.7591,49.2369995117188,26.4300003051758,3.69,,
Serbia,2002,,,17120906918.3503,48.3870010375977,25.2800006866455,1.73,,
Serbia,2003,,,22482365321.7656,47.4099998474121,24.5,1.15,,
Serbia,2004,,,26141968161.0924,45.2319984436035,24.0499992370605,1.56,,
Serbia,2005,,,27683225959.2468,42.3370018005371,23.3199996948242,3.51,,
Serbia,2006,11647.7362909874,,32482070360.3204,40.3979988098145,20.5400009155273,5.15,,
Serbia,2007,13892.6080251323,,43170990616.4729,41.7809982299805,20.8099994659424,5.27,,
Serbia,2008,11122.8543504144,,52194221468.5007,44.4360008239746,25.0499992370605,2.96,,
Serbia,2009,14769.2091586519,,45162894380.9318,41.2000007629395,23.8700008392334,0.56,,
Serbia,2010,12714.6423898259,,41819468691.8251,37.9179992675781,22.3400001525879,0.31,,
Serbia,2011,14877.1885949094,,49258136128.9672,35.7799987792969,21.2199993133545,0.3,,
Serbia,2012,13584.8275208867,,43309252921.0567,35.492000579834,20.9699993133545,0.28,,
Serbia,2013,14802.8721490996,,48394239474.6762,37.734001159668,21.2900009155273,0.17,,
Serbia,2014,11371.8650350611,,47062206677.6539,41.9570007324219,19.8600006103516,0.12,,
Serbia,2015,10727.0871629245,,39655958842.5478,42.4790000915527,19.4099998474121,0.23,,
Serbia,2016,10059.6137043868,,40692643373.0327,45.1920013427734,18.6100006103516,0.64,,
Serbia,2017,11099.3238776327,,44179055279.8887,46.6949996948242,17.2199993133545,1.15,,
Serbia,2018,12032.9474777995,,50640650221.4622,47.5530014038086,15.9300003051758,2.19,,
Serbia,2019,13496.3634182204,,51514222381.8428,48.9539985656738,15.6099996566772,2.21,,
Seychelles,2000,43.7520740468578,,614879764.780006,,,6.46,8.3725,0.6566
Seychelles,2001,37.1338879198106,,622262057.191635,,,3.69,8.24166666666667,0.7165
Seychelles,2002,69.7945694340033,,697518248.175182,,,1.73,8.19,0.7165
Seychelles,2003,67.3878019996701,,705704816.042365,,,1.15,7.25083333333333,0.7165
Seychelles,2004,34.5910859657841,,839319927.272727,,,1.56,6.16666666666667,0.4031
Seychelles,2005,56.2441542963725,,919103254.545455,,,3.51,6,0.4031
Seychelles,2006,112.923278381745,,1016418229.25159,,,5.15,6.33533333333333,0.4031
Seychelles,2007,40.7686093993161,,1033561654.0568,,,5.27,7.12727017195767,0.4031
Seychelles,2008,63.8338775195002,,967199593.960157,,,2.96,7.25893353174603,0.9401
Seychelles,2009,190.546677641739,,847397850.094417,,,0.56,7.78495833333333,1.0000
Seychelles,2010,255.584702553665,,969936525.298729,,,0.31,8.24270833333333,1.0000
Seychelles,2011,279.115073987237,,1065826669.89742,,,0.3,8.21875,1.0000
Seychelles,2012,308.093541248072,,1059498883.53765,,,0.28,9,1.0000
Seychelles,2013,425.902438873118,,1328091522.02218,,,0.17,,1.0000
Seychelles,2014,465.010215592435,,1387581391.70001,,,0.12,5.8125,1.0000
Seychelles,2015,536.145674407411,,1416001321.92671,,,0.23,5.5,1.0000
Seychelles,2016,523.50378687859,,1490228318.73024,,,0.64,5.05555555555556,1.0000
Seychelles,2017,545.203276387118,,1573433080.78958,,,1.15,5.64583333333333,1.0000
Seychelles,2018,549.521831728019,,1636312009.83387,,,2.19,6.25,1.0000
Seychelles,2019,580.54551511504,,1684373490.19831,,,2.21,6.3875,1.0000
Sierra Leone,2000,49.2072744210529,,635874002.198748,62.4529991149902,70.6500015258789,6.46,,0.0000
Sierra Leone,2001,51.3116292747664,,1090467712.30773,62.4360008239746,70.9599990844727,3.69,,0.0000
Sierra Leone,2002,84.6901452514573,,1253340519.53311,62.4679985046387,69.6699981689453,1.73,,0.0000
Sierra Leone,2003,66.6171913528423,,1385810072.19217,62.4300003051758,69.0100021362305,1.15,,0.0000
Sierra Leone,2004,125.104244368796,,1448536630.88143,63.8489990234375,68.4599990844727,1.56,,0.0000
Sierra Leone,2005,170.505508389789,,1650494366.99875,62.9210014343262,68.1399993896484,3.51,,0.1635
Sierra Leone,2006,183.927216134409,,1885112201.85278,61.9860000610352,67.6800003051758,5.15,,0.1635
Sierra Leone,2007,216.555180811995,,2158496872.85796,61.048999786377,66.8099975585938,5.27,,0.1635
Sierra Leone,2008,220.167661341698,,2505458705.03338,60.0960006713867,65.9800033569336,2.96,,0.4470
Sierra Leone,2009,404.96450863092,,2453899846.88317,59.1380004882813,65.1900024414063,0.56,,0.0000
Sierra Leone,2010,408.971756317223,,2578026297.15912,58.1790008544922,64.1600036621094,0.31,,0.0000
Sierra Leone,2011,439.130952881157,,2942546781.04548,57.2140007019043,62.9700012207031,0.3,,0.0000
Sierra Leone,2012,477.987067655214,,3801862611.36414,56.2550010681152,61.1699981689453,0.28,,0.0000
Sierra Leone,2013,532.538016704371,,4920343194.99339,55.2879981994629,59.1599998474121,0.17,,0.0000
Sierra Leone,2014,600.784544071814,,5015157815.73406,54.2849998474121,57.6500015258789,0.12,,0.0000
Sierra Leone,2015,579.01352060832,,4218723875.1379,54.1800003051758,58.060001373291,0.23,,0.0000
Sierra Leone,2016,497.242646676567,,3674794530.18956,54.1570014953613,57.0299987792969,0.64,,0.1635
Sierra Leone,2017,549.121050851388,,3719369107.34992,54.0900001525879,56.1399993896484,1.15,,0.1635
Sierra Leone,2018,501.210759592547,,4085114794.22324,54.0190010070801,55.3600006103516,2.19,,0.1635
Sierra Leone,2019,530.137881482077,,4076578542.56207,53.943000793457,54.4900016784668,2.21,,0.1635
Solomon Island,2000,32.0448692772408,,419845231.77897,84.4649963378906,51.2099990844727,6.46,6.95153768737588,0.1635
Solomon Island,2001,18.0702773465433,,409507389.162562,84.7509994506836,49.9599990844727,3.69,6.95153768737588,0.1635
Solomon Island,2002,18.6872745467029,,346405301.683262,84.9140014648438,51.8600006103516,1.73,6.95153768737588,0.1635
Solomon Island,2003,37.005791598284,,417671431.806979,84.9919967651367,52.3300018310547,1.15,6.95153768737588,0.1635
Solomon Island,2004,79.8125716179989,,468008069.795717,84.9229965209961,51.5,1.56,4.98907159939229,0.1635
Solomon Island,2005,94.825566293426,,552862587.816571,84.8199996948242,49.4199981689453,3.51,2.99353791211355,0.1635
Solomon Island,2006,104.075013506124,,617254747.35528,84.697998046875,48.2400016784668,5.15,3.24353791211355,0.1635
Solomon Island,2007,120.530168359389,,695295347.621537,84.5709991455078,47.6599998474121,5.27,3.24117930403785,0.1635
Solomon Island,2008,88.8295345674311,,776339395.190955,84.4810028076172,45.9599990844727,2.96,3.24,0.1635
Solomon Island,2009,145.987707520229,,805561762.880199,84.4899978637695,46.1300010681152,0.56,3.24,0.1635
Solomon Island,2010,265.834982908909,,898133796.267592,84.802001953125,45.5499992370605,0.31,3.24,0.1635
Solomon Island,2011,412.27215261395,,1063889652.2843,84.879997253418,43.5099983215332,0.3,3.24,0.1635
Solomon Island,2012,469.491017816604,,1185215901.67501,85.056999206543,42.4700012207031,0.28,3.24,0.1635
Solomon Island,2013,491.517511122696,,1285917749.68845,85.3669967651367,41.6300010681152,0.17,3.24,0.1635
Solomon Island,2014,466.909894035375,,1335579569.64462,85.3379974365234,40.9700012207031,0.12,3.24,0.1635
Solomon Island,2015,494.079337706361,,1307908069.79418,85.3399963378906,40.0900001525879,0.23,3.24,0.1635
Solomon Island,2016,486.413103312802,,1379482146.90119,85.3629989624023,39.4799995422363,0.64,3.24,0.1635
Solomon Island,2017,543.062273519112,,1469787255.62289,85.338996887207,38.7599983215332,1.15,3.24,0.1635
Solomon Island,2018,586.304110457656,,1615479408.99088,85.3040008544922,37.9099998474121,2.19,3.24,0.1635
Solomon Island,2019,535.018679361413,,1619154819.29185,85.2760009765625,37.2599983215332,2.21,3.24,0.1635
South Africa,2000,6082.80613177161,,151753369491.916,39.9249992370605,9.93000030517578,6.46,13.7866666666667,0.1635
South Africa,2001,6045.27691915025,,135429607036.658,39.3409996032715,9.31999969482422,3.69,11.4066666666667,0.1635
South Africa,2002,5904.23985841019,,129088132201.846,37.7400016784668,8.71000003814697,1.73,11.5008333333333,0.1635
South Africa,2003,6495.52028258033,,197020241490.079,38.1660003662109,8.14000034332275,1.15,9.61583333333333,0.1635
South Africa,2004,13141.2516281943,,255806631391.551,39.6529998779297,7.57000017166138,1.56,9.52666666666667,0.1635
South Africa,2005,18579.1296952026,,288868489078.987,39.7299995422363,7.01999998092651,3.51,8.06666666666667,0.1635
South Africa,2006,23056.9184311639,,303860874149.007,40.0870018005371,6.5,5.15,7.9375,0.1635
South Africa,2007,29588.572400564,,333075462599.71,41.0309982299805,6.01000022888184,5.27,7.985,0.1635
South Africa,2008,30583.5438569594,,316132138757.081,43.2869987487793,5.57000017166138,2.96,9.1,0.1635
South Africa,2009,35237.4195764755,,329753048857.052,41.2690010070801,5.05000019073486,0.56,8.70333333333333,0.1635
South Africa,2010,38175.0577490238,,417365076968.257,39.3699989318848,4.84999990463257,0.31,8.615,0.1635
South Africa,2011,42595.1712460381,,458201514136.977,39.314998626709,4.59999990463257,0.3,8.52,0.1635
South Africa,2012,43995.4704050297,,434400545085.811,39.523998260498,4.82999992370605,0.28,7.9,0.1635
South Africa,2013,44863.6758935691,,400886013595.573,40.0439987182617,4.98000001907349,0.17,7.7225,0.1635
South Africa,2014,44267.4183804854,,381198869776.106,40.0410003662109,4.65000009536743,0.12,8.25,0.1635
South Africa,2015,41619.5057567249,,346709790458.563,40.8610000610352,5.6100001335144,0.23,8.16583333333333,0.1635
South Africa,2016,42565.5880008564,,323585509674.481,40.189998626709,5.57000017166138,0.64,9.02083333333333,0.1635
South Africa,2017,45499.2928632361,,381448814653.456,40.390998840332,5.28000020980835,1.15,9.06666666666667,0.1635
South Africa,2018,46478.2741166735,,404159690890.846,40.3160018920898,5.15999984741211,2.19,9.13083333333333,0.1635
South Africa,2019,48919.726656867,,388531954110.604,39.5349998474121,5.28000020980835,2.21,9.0775,0.1635
South Sudan,2000,,,,65.411003112793,65.6600036621094,6.46,,
South Sudan,2001,,,,65.4140014648438,65.3899993896484,3.69,,
South Sudan,2002,,,,65.3889999389648,65.0999984741211,1.73,,
South Sudan,2003,,,,65.3519973754883,64.7600021362305,1.15,,
South Sudan,2004,,,,65.2870025634766,64.5299987792969,1.56,,
South Sudan,2005,,,,65.2620010375977,64.2300033569336,3.51,,
South Sudan,2006,,,,65.245002746582,63.8499984741211,5.15,,
South Sudan,2007,,,,65.2229995727539,63.4099998474121,5.27,,
South Sudan,2008,,,14586253383.0632,65.1760025024414,63.0800018310547,2.96,,
South Sudan,2009,,,12231264525.0671,65.1210021972656,63.0900001525879,0.56,,
South Sudan,2010,,,14602072410.9506,65.0660018920898,62.7799987792969,0.31,,
South Sudan,2011,,,14907308932.7534,65.0289993286133,62.5299987792969,0.3,,
South Sudan,2012,1282.09026028818,,11931472169.4915,64.9990005493164,62.2900009155273,0.28,,
South Sudan,2013,947.810456615823,,18426469016.9492,65.0090026855469,61.0499992370605,0.17,,
South Sudan,2014,416.808670075841,,13962212847.4576,64.9140014648438,61.0800018310547,0.12,,
South Sudan,2015,229.880518366326,,11997800760.2242,64.7910003662109,61.7900009155273,0.23,,
South Sudan,2016,68.1598186400242,,,64.734001159668,61.8400001525879,0.64,,
South Sudan,2017,33.8202109558201,,,64.7210006713867,61.6599998474121,1.15,,
South Sudan,2018,36.3963681998607,,,64.6880035400391,60.8400001525879,2.19,,
South Sudan,2019,378.281747007865,,,64.6460037231445,60.3800010681152,2.21,,
Sri Lanka,2000,1039.00477984766,,16330814179.9766,51.2690010070801,41.0200004577637,6.46,,0.4470
Sri Lanka,2001,1286.80804633814,,15749753804.8344,50.9710006713867,40.7599983215332,3.69,,0.4470
Sri Lanka,2002,1630.95275412207,,16536535647.0834,50.2869987487793,40,1.73,,0.4470
Sri Lanka,2003,2264.92982089601,,18881765437.2151,50.3759994506836,39.1500015258789,1.15,,0.4470
Sri Lanka,2004,2131.90640149586,,20662525941.2985,50.0800018310547,38.2799987792969,1.56,,0.4470
Sri Lanka,2005,2649.51171426121,,24405791044.7761,50.2569999694824,37.3300018310547,3.51,,0.4470
Sri Lanka,2006,2726.20255718232,,28279814924.5918,50.6809997558594,36.2200012207031,5.15,,0.4470
Sri Lanka,2007,3379.53131925438,,32350248410.8216,50.7540016174316,35.2599983215332,5.27,,0.4470
Sri Lanka,2008,2468.70208333783,,40713812309.7316,50.9420013427734,34.3300018310547,2.96,,0.4470
Sri Lanka,2009,4616.05340583902,,42066217871.5349,50.3880004882813,33.4900016784668,0.56,12.19,0.4470
Sri Lanka,2010,6709.72394193013,,58636150709.5507,50.7430000305176,31.8199996948242,0.31,9.13,0.4470
Sri Lanka,2011,6247.9234223814,,67753288946.2507,50.6920013427734,31.4200000762939,0.3,8.55,0.4470
Sri Lanka,2012,6377.644967274,,70447191495.6812,50.5299987792969,30.9899997711182,0.28,12.0833333333333,0.4470
Sri Lanka,2013,6611.3502780129,,77000596661.4757,51.3470001220703,30.2199993133545,0.17,10.9683333333333,0.1635
Sri Lanka,2014,7315.7014875645,,82528526229.5245,50.8849983215332,28.8700008392334,0.12,8.79,0.1635
Sri Lanka,2015,6543.43121510578,,85140963536.633,51.2439994812012,28.6599998474121,0.23,8.905,0.1635
Sri Lanka,2016,5188.55479983484,,88012262256.8633,51.4519996643066,27.1000003814697,0.64,12.0583333333333,0.1635
Sri Lanka,2017,7030.55545501321,,94376246466.955,51.8030014038086,26.0699996948242,1.15,11.1504166666667,0.1635
Sri Lanka,2018,6100.10214408238,,94493847351.6434,49.4860000610352,25.5,2.19,10.5425,0.1635
Sri Lanka,2019,6689.82366695442,,89014990791.9051,48.9280014038086,24.9799995422363,2.21,10.46375,0.1635
St. Kitts and Nevis,2000,45.1992149459163,,421695769.843918,,,6.46,,0.1635
St. Kitts and Nevis,2001,56.4293654519954,,458643829.014199,,,3.69,,0.1635
St. Kitts and Nevis,2002,65.7522731110241,,481077373.669966,,,1.73,,0.1635
St. Kitts and Nevis,2003,64.8020983125229,,469869869.86987,,,1.15,,0.1635
St. Kitts and Nevis,2004,78.469063538565,,506900000,,,1.56,,0.1635
St. Kitts and Nevis,2005,71.6117228579595,,547203703.703704,,,3.51,,0.1635
St. Kitts and Nevis,2006,88.6978030782002,,644414814.814815,,,5.15,,0.1635
St. Kitts and Nevis,2007,95.7906299072359,,689285185.185185,,,5.27,,0.1635
St. Kitts and Nevis,2008,110.411464623505,,777691333.333333,,,2.96,,0.1635
St. Kitts and Nevis,2009,136.408154171006,,774273111.111111,,,0.56,,0.1635
St. Kitts and Nevis,2010,168.85913354094,,778718111.111111,,,0.31,,0.1635
St. Kitts and Nevis,2011,244.261262258249,,836092407.407407,,,0.3,,0.1635
St. Kitts and Nevis,2012,263.485328014723,,826231629.62963,,,0.28,,0.1635
St. Kitts and Nevis,2013,301.952572319684,,875376407.407407,,,0.17,,0.1635
St. Kitts and Nevis,2014,327.252698805102,,953174074.074074,,,0.12,,0.1635
St. Kitts and Nevis,2015,288.394872297999,,957040740.740741,,,0.23,,0.1635
St. Kitts and Nevis,2016,320.54256831894,,1008100000,,,0.64,,0.1635
St. Kitts and Nevis,2017,365.098328465168,,1058937037.03704,,,1.15,,0.1635
St. Kitts and Nevis,2018,363.216830554272,,1076911111.11111,,,2.19,,0.1635
St. Kitts and Nevis,2019,362.798006089721,,1107840740.74074,,,2.21,,0.1635
St. Lucia,2000,78.8285835046657,,932592592.592592,53.4780006408691,21.0699996948242,6.46,,0.1635
St. Lucia,2001,88.9365384132027,,892592592.592593,52.265998840332,20.6700000762939,3.69,,0.1635
St. Lucia,2002,93.8921752611735,,900000000,51.3059997558594,20.3600006103516,1.73,,0.1635
St. Lucia,2003,106.902191800399,,987407407.407407,50.382999420166,19.7999992370605,1.15,,0.1635
St. Lucia,2004,132.539594875514,,1066666666.66667,51.4000015258789,19,1.56,,0.4470
St. Lucia,2005,116.387878787697,,1135555555.55556,53.1150016784668,17.7800006866455,3.51,,0.4470
St. Lucia,2006,134.538725293094,,1268319185.18519,55.125,17.0100002288818,5.15,,0.4470
St. Lucia,2007,153.719597544505,,1336088814.81482,56.6879997253418,16.5300006866455,5.27,,0.4470
St. Lucia,2008,142.774402813669,,1437731111.11111,57.7849998474121,15.8400001525879,2.96,,0.4470
St. Lucia,2009,174.798934462151,,1401507888.88889,56.2750015258789,15.3500003814697,0.56,,0.4470
St. Lucia,2010,206.256181499737,,1486758037.03704,55.3580017089844,14.7600002288818,0.31,,0.4470
St. Lucia,2011,213.433689006085,,1576988407.40741,54.4210014343262,13.9700002670288,0.3,,0.4470
St. Lucia,2012,231.967199010973,,1605146777.77778,55.8730010986328,13.3199996948242,0.28,,0.4470
St. Lucia,2013,192.222634629787,,1664816740.74074,53.8699989318848,12.7700004577637,0.17,,0.4470
St. Lucia,2014,257.658514613209,,1749289302.71075,54.7070007324219,12.0500001907349,0.12,,0.4470
St. Lucia,2015,317.540361620252,,1807227215.4535,55.4220008850098,11.4700002670288,0.23,,0.4470
St. Lucia,2016,305.519500768958,,1865459670.06646,56.2649993896484,10.8400001525879,0.64,,0.4470
St. Lucia,2017,321.767417204396,,1996710562.6389,57.0250015258789,10.3500003814697,1.15,,0.4470
St. Lucia,2018,285.824309747523,,2057067919.33041,57.1300010681152,11.3500003814697,2.19,,0.4470
St. Lucia,2019,260.870367109565,,2094201725.17451,58.8530006408691,9.97000026702881,2.21,,0.4470
St. Vincent and the Grenadines,2000,55.179038167382,,427946037.037037,50.1360015869141,16.8099994659424,6.46,,0.1635
St. Vincent and the Grenadines,2001,61.4393971215861,,462072333.333333,50.0909996032715,16.0300006866455,3.69,,0.1635
St. Vincent and the Grenadines,2002,53.1984885016967,,487763851.851852,50.5859985351563,15.5,1.73,,0.1635
St. Vincent and the Grenadines,2003,51.1916840484642,,509090888.888889,51.0359992980957,14.9700002670288,1.15,,0.1635
St. Vincent and the Grenadines,2004,74.9816671411139,,549900185.185185,51.2729988098145,14.5200004577637,1.56,,0.1635
St. Vincent and the Grenadines,2005,69.5119944150968,,579948925.925926,51.5130004882813,14.1400003433228,3.51,,0.1635
St. Vincent and the Grenadines,2006,78.6915808543465,,643501148.148148,52.0629997253418,13.6499996185303,5.15,,0.1635
St. Vincent and the Grenadines,2007,86.9768519636046,,713596666.666667,52.2729988098145,13.2700004577637,5.27,,0.1635
St. Vincent and the Grenadines,2008,83.6901854348018,,732663259.259259,52.4959983825684,12.9099998474121,2.96,,0.1635
St. Vincent and the Grenadines,2009,87.8154554273306,,714300259.259259,52.3250007629395,12.6599998474121,0.56,,0.1635
St. Vincent and the Grenadines,2010,112.702057854892,,720447888.888889,52.1699981689453,12.4899997711182,0.31,,0.1635
St. Vincent and the Grenadines,2011,89.6263569120155,,713796370.37037,52.1959991455078,12.1899995803833,0.3,,0.1635
St. Vincent and the Grenadines,2012,111.021926087627,,730032592.592593,52.2480010986328,11.9099998474121,0.28,,0.1635
St. Vincent and the Grenadines,2013,135.09671123141,,764781259.259259,52.2799987792969,11.6099996566772,0.17,,0.1635
St. Vincent and the Grenadines,2014,157.371371547547,,770901444.444444,52.2680015563965,11.3699998855591,0.12,,0.1635
St. Vincent and the Grenadines,2015,166.009602198323,,786554592.592593,52.2750015258789,11.0799999237061,0.23,,0.1635
St. Vincent and the Grenadines,2016,192.255789768022,,814302259.259259,52.3089981079102,10.8400001525879,0.64,,0.1635
St. Vincent and the Grenadines,2017,182.046079244525,,847620222.222222,52.2809982299805,10.5799999237061,1.15,,0.1635
St. Vincent and the Grenadines,2018,169.56229893521,,884328185.185185,52.3339996337891,10.3199996948242,2.19,,0.1635
St. Vincent and the Grenadines,2019,193.357067381966,,910149703.703704,52.2700004577637,10.0799999237061,2.21,,0.1635
Sudan,2000,137.814239250023,,12257418326.0734,43.1259994506836,51.5499992370605,6.46,,0.2833
Sudan,2001,49.7362731571601,,15716489369.9266,43.0690002441406,51.1100006103516,3.69,,0.3432
Sudan,2002,248.935516455669,,18136839087.0077,43.0120010375977,50.6399993896484,1.73,,0.3432
Sudan,2003,529.445721883466,,21355576672.542,42.9620018005371,50.1100006103516,1.15,,0.3432
Sudan,2004,1337.9968077002,,26645490675.0417,42.8860015869141,49.6199989318848,1.56,,0.5368
Sudan,2005,1868.58786583723,,35182105414.3919,42.8489990234375,49.0400009155273,3.51,,0.4769
Sudan,2006,1659.92627161073,,45264519502.6479,42.8059997558594,48.3699989318848,5.15,,0.4170
Sudan,2007,1377.92160331558,,59440139774.8128,42.757999420166,47.5900001525879,5.27,,0.2535
Sudan,2008,1399.04105955576,,64831935604.2484,42.685001373291,46.8800010681152,2.96,,
Sudan,2009,1094.17666931606,,58316191440.365,43.5029983520508,46.189998626709,0.56,,0.0000
Sudan,2010,1036.24417070595,,74151186600.1735,42.3219985961914,45.6800003051758,0.31,,0.0599
Sudan,2011,192.529339697522,,78403418360.459,41.1230010986328,44.5999984741211,0.3,,0.1198
Sudan,2012,192.632614669594,,63195499524.2094,41.0499992370605,43.6399993896484,0.28,,0.1797
Sudan,2013,192.956941623251,,66026600235.4524,41,42.8300018310547,0.17,,0.2396
Sudan,2014,181.457168977027,,76818327441.6497,40.9109992980957,42.1100006103516,0.12,,0.2995
Sudan,2015,173.516490886743,,84985132167.2171,40.798999786377,41.25,0.23,,0.2995
Sudan,2016,168.284353053783,,102943741648.824,40.7089996337891,40.3699989318848,0.64,,0.2995
Sudan,2017,177.933851813136,,129717804934.614,40.6230010986328,39.5200004577637,1.15,,0.5530
Sudan,2018,,,32333780383.2924,40.5169982910156,38.9500007629395,2.19,,0.5530
Sudan,2019,,,32338079165.2893,40.3969993591309,38.3699989318848,2.21,,0.5530
Suriname,2000,62.9895660535182,,947671969.69697,41.1599998474121,6.57999992370605,6.46,,0.0000
Suriname,2001,119.252339528173,,834279357.798165,42.0429992675781,7,3.69,,0.0000
Suriname,2002,106.161284042461,,1093574468.08511,42.9029998779297,7.6100001335144,1.73,,0.0000
Suriname,2003,105.763373657612,,1274190311.41869,43.8139991760254,7.98000001907349,1.15,,0.0000
Suriname,2004,129.398726844662,,1484092538.40527,44.7210006713867,8.4399995803833,1.56,,0.0000
Suriname,2005,125.776538089929,,1793388732.29125,45.2820014953613,8.48999977111816,3.51,,0.0000
Suriname,2006,215.515802859181,,2626380435.17877,45.8860015869141,8.47000026702881,5.15,,0.0000
Suriname,2007,370.083171983303,,2936612021.85792,46.4780006408691,8.46000003814697,5.27,,0.0000
Suriname,2008,561.92908658718,,3532969034.60838,47.068000793457,8.39999961853027,2.96,,0.0000
Suriname,2009,596.597837814439,,3875409836.06557,47.6599998474121,8.1899995803833,0.56,,0.0000
Suriname,2010,601.73146711028,,4368398047.64333,48.9990005493164,8.03999996185303,0.31,,0.0000
Suriname,2011,708.359441303126,,4422276621.78703,49.310001373291,7.8899998664856,0.3,,0.0000
Suriname,2012,885.111896942582,,4980000000,49.523998260498,7.76000022888184,0.28,,0.0000
Suriname,2013,738.413670153606,,5145757575.75758,50.8530006408691,7.6100001335144,0.17,,0.0000
Suriname,2014,573.285710823037,,5240606060.60606,51.185001373291,7.59999990463257,0.12,,0.0000
Suriname,2015,284.664246439365,,5126188134.7499,51.5460014343262,7.69000005722046,0.23,,0.0000
Suriname,2016,351.978924052964,,3317437626.43291,51.6660003662109,8.23999977111816,0.64,,0.1635
Suriname,2017,385.461409370103,,3591660723.58668,51.7050018310547,8.14000034332275,1.15,,0.1635
Suriname,2018,524.017424445831,,3996204757.11893,51.757999420166,8.02000045776367,2.19,,0.1635
Suriname,2019,566.576008975144,,4016040575.08796,51.6259994506836,8.07999992370605,2.21,,0.1635
Swaziland,2000,,,,,,6.46,,0.1635
Swaziland,2001,,,,,,3.69,,0.1635
Swaziland,2002,,,,,,1.73,,0.1635
Swaziland,2003,,,,,,1.15,,0.1635
Swaziland,2004,,,,,,1.56,,0.1635
Swaziland,2005,,,,,,3.51,,0.1635
Swaziland,2006,,,,,,5.15,,0.1635
Swaziland,2007,,,,,,5.27,,0.1635
Swaziland,2008,,,,,,2.96,,0.1635
Swaziland,2009,,,,,,0.56,,0.1635
Swaziland,2010,,,,,,0.31,,0.1635
Swaziland,2011,,,,,,0.3,,0.1635
Swaziland,2012,,,,,,0.28,,0.1635
Swaziland,2013,,,,,,0.17,,0.1635
Swaziland,2014,,,,,,0.12,,0.1635
Swaziland,2015,,,,,,0.23,,0.1635
Swaziland,2016,,,,,,0.64,,0.1635
Swaziland,2017,,,,,,1.15,,0.1635
Swaziland,2018,,,,,,2.19,,0.1635
Swaziland,2019,,,,,,2.21,,0.1635
Syria,2000,126.018209439828,,80590022271.7149,46.0019989013672,32.8899993896484,6.46,,0.0000
Syria,2001,126.413407547416,,86771314031.1804,44.1459999084473,31.0200004577637,3.69,,0.0000
Syria,2002,126.04026499826,,90558485523.3853,43.6650009155273,28.9099998474121,1.73,,0.0000
Syria,2003,126.06384916808,,95693808463.2517,43.1459999084473,26.9799995422363,1.15,,0.0000
Syria,2004,182.815435960193,,112863340757.238,42.814998626709,24.9599990844727,1.56,,0.0000
Syria,2005,17346.8502699883,,134203830734.967,42.4459991455078,22.9200000762939,3.51,,0.0000
Syria,2006,16467.3624310078,,153799910913.14,42.0670013427734,20.9899997711182,5.15,,0.0000
Syria,2007,17012.9579238149,,180030111358.575,40.523998260498,19.1399993896484,5.27,,0.0000
Syria,2008,17061.8900839648,,218089977728.285,39.4539985656738,17.5499992370605,2.96,,0.0000
Syria,2009,17397.7097901589,,224561692650.334,39.4449996948242,16,0.56,,0.0000
Syria,2010,19465.3422968694,,252518218262.806,39.023998260498,14.5100002288818,0.31,,0.0000
Syria,2011,,,67539427670.9958,39.625,13.2299995422363,0.3,,0.0000
Syria,2012,,,43190317724.7088,39.6699981689453,13.210000038147,0.28,,0.0000
Syria,2013,,,21361254647.9904,39.7809982299805,13.1599998474121,0.17,,0.0000
Syria,2014,,,21502061462.2121,39.951000213623,12.8299999237061,0.12,,0.0000
Syria,2015,,,16468399180.3822,40.0620002746582,12.2700004577637,0.23,,0.0000
Syria,2016,,,12598742886.9368,40.1370010375977,11.7299995422363,0.64,,0.0000
Syria,2017,,,16369724433.2751,40.1879997253418,11.2200002670288,1.15,,0.0000
Syria,2018,,,21351730539.3113,40.2350006103516,10.6599998474121,2.19,,0.0000
Syria,2019,,,22443299775.342,40.2690010070801,10.1300001144409,2.21,,0.0000
Tajikistan,2000,92.8591809251688,,860521119.298753,37.734001159668,59.4199981689453,6.46,,0.1635
Tajikistan,2001,92.5575457069105,,1080768906.5003,37.8930015563965,58.689998626709,3.69,,0.1635
Tajikistan,2002,89.5088099390934,,1221120798.81336,38.0540008544922,57.8199996948242,1.73,,0.1635
Tajikistan,2003,111.851625058852,,1555301496.04756,38.2270011901855,56.8499984741211,1.15,,0.1635
Tajikistan,2004,157.527254761396,,2076182460.86517,38.6749992370605,55.7099990844727,1.56,,0.1635
Tajikistan,2005,168.219798257725,,2312327536.41789,38.367000579834,55.2000007629395,3.51,,0.1635
Tajikistan,2006,175.114985160821,,2830220713.07301,37.984001159668,54.9199981689453,5.15,,0.1635
Tajikistan,2007,40.0866485208877,,3719506172.83951,37.5369987487793,54.4700012207031,5.27,,0.1635
Tajikistan,2008,103.84950501099,,5161337336.40365,37.0979995727539,53.810001373291,2.96,,0.4470
Tajikistan,2009,174.563185793792,,4979481980.35098,37.117000579834,53.1300010681152,0.56,,0.1635
Tajikistan,2010,324.188008866534,,5642178579.58438,37.4290008544922,52.5499992370605,0.31,,0.1635
Tajikistan,2011,289.292135239755,,6522732202.50748,37.757999420166,51.75,0.3,,0.1635
Tajikistan,2012,297.89045123968,,7633049792.09321,38.0940017700195,51.0499992370605,0.28,,0.1635
Tajikistan,2013,460.726487523759,,8448469837.53831,38.4329986572266,50.2099990844727,0.17,,0.1635
Tajikistan,2014,177.44215516602,,9112544556.05962,38.7770004272461,49.4000015258789,0.12,,0.1635
Tajikistan,2015,64.4422930361046,,8271454300.59548,39.1199989318848,48.560001373291,0.23,,0.0000
Tajikistan,2016,107.303103315511,,6992393787.40891,39.4560012817383,47.7599983215332,0.64,,0.0000
Tajikistan,2017,641.772480757934,,7536439875.08334,38.9210014343262,46.6800003051758,1.15,,0.1635
Tajikistan,2018,366.793958381258,,7765014424.33779,38.4280014038086,45.7599983215332,2.19,,0.2234
Tajikistan,2019,519.592242318905,,8300784856.87904,37.9710006713867,44.7200012207031,2.21,,0.1198
Tanzania,2000,974.237739507032,,13375976353.6994,83.7990036010742,82.9899978637695,6.46,,0.1635
Tanzania,2001,1156.62015166215,,13581644245.7352,83.8550033569336,82.2900009155273,3.69,,0.1635
Tanzania,2002,1528.83923308318,,14142035080.2849,84.2020034790039,80.5999984741211,1.73,,0.1635
Tanzania,2003,2038.41125071436,,15224257698.482,84.5240020751953,78.7699966430664,1.15,,0.1635
Tanzania,2004,2295.70146588251,,16675948414.7573,84.8460006713867,76.75,1.56,,0.1635
Tanzania,2005,2048.7755193419,,18399046025.2688,85.1490020751953,74.5500030517578,3.51,,0.1635
Tanzania,2006,2259.34578615223,,18649590248.2626,85.4339981079102,72.1800003051758,5.15,,0.1635
Tanzania,2007,2886.38141393065,,21843529024.9154,85.2030029296875,71.75,5.27,,0.1635
Tanzania,2008,2862.89599328886,,27961527622.7154,84.9440002441406,71.3300018310547,2.96,,0.1635
Tanzania,2009,3470.41322948011,,29081826158.6787,84.6729965209961,70.9000015258789,0.56,,0.1635
Tanzania,2010,3904.67657171261,,32014247547.5146,83.7289962768555,70.3899993896484,0.31,,0.1635
Tanzania,2011,3726.15840229753,,34657141720.6759,82.7750015258789,69.7699966430664,0.3,,0.1635
Tanzania,2012,4052.22433793442,,39650522645.9811,82.4260025024414,69.3000030517578,0.28,,0.1635
Tanzania,2013,4673.72980918131,,45680532613.7591,82.1050033569336,68.6900024414063,0.17,,0.1635
Tanzania,2014,4390.43024097061,,49964825081.1079,82.1900024414063,68.0500030517578,0.12,,0.1635
Tanzania,2015,4080.76237772074,,47378603783.6471,82.1569976806641,67.4800033569336,0.23,,0.1635
Tanzania,2016,4350.68704793764,,49774004999.2038,82.1230010986328,66.8600006103516,0.64,,0.1635
Tanzania,2017,5887.86988467437,,53320647489.1365,82.0820007324219,66.2300033569336,1.15,,0.1635
Tanzania,2018,5049.6464204773,,57003685911.9411,82.0299987792969,65.6699981689453,2.19,,0.1635
Tanzania,2019,,,61136873692.3985,81.9830017089844,65.0899963378906,2.21,,0.1635
Thailand,2000,32015.8710900388,,126392233706.79,70.9229965209961,48.7900009155273,6.46,6.58947700068424,0.4170
Thailand,2001,32354.7861297247,,120296476180.402,71.2679977416992,46.0400009155273,3.69,5.46491173933333,0.4170
Thailand,2002,38046.4307736231,,134300851255.002,71.745002746582,43.8499984741211,1.73,4.79504319624883,0.4170
Thailand,2003,41076.9307598806,,152280677649.055,71.8560028076172,41.6399993896484,1.15,3.45428107314878,0.4170
Thailand,2004,48664.0087418778,,172895749632.046,72.2819976806641,39.2900009155273,1.56,4.86219905226039,0.4170
Thailand,2005,50690.6842937998,,189318549680.384,72.6849975585938,38.6800003051758,3.51,5.00166666666667,0.4170
Thailand,2006,65291.4151676806,,221758196504.936,72.0599975585938,39.7799987792969,5.15,5.385,0.4170
Thailand,2007,85221.3418032528,,262942476722.425,72.7119979858398,39.5299987792969,5.27,4.59583333333333,0.1635
Thailand,2008,108660.889971921,,291382991177.698,72.5339965820313,39.75,2.96,4.5575,0.4170
Thailand,2009,135482.869047989,,281710416557.292,72.0599975585938,38.9900016784668,0.56,3.905,0.1635
Thailand,2010,167530.335376446,,341104820155.464,71.1460037231445,38.25,0.31,3.60416666666667,0.1635
Thailand,2011,167389.121491419,,370819140946.553,72.7959976196289,41.0099983215332,0.3,3.69333333333333,0.1635
Thailand,2012,173327.664053903,,397558222957.17,72.5770034790039,42.1399993896484,0.28,3.53333333333333,0.1635
Thailand,2013,161328.173498308,,420333203150.426,70.0940017700195,41.75,0.17,3.79964912878788,0.1635
Thailand,2014,151253.340027006,,407339454060.678,69.4250030517578,33.439998626709,0.12,3.5725,0.1635
Thailand,2015,151265.956382606,,401296437424.995,68.8249969482422,32.2799987792969,0.23,2.73416666666667,0.1635
Thailand,2016,166157.164486519,,413366150655.591,67.7789993286133,31.1599998474121,0.64,2.1775,0.1635
Thailand,2017,196120.620197399,,456356961443.497,66.9400024414063,31.4599990844727,1.15,2.60333333333333,0.1635
Thailand,2018,199296.461437522,,506754616189.315,67.2779998779297,32.1399993896484,2.19,2.6875,0.1635
Thailand,2019,216816.656654641,,544081056184.697,66.4779968261719,31.4300003051758,2.21,2.05416666666667,0.4170
Timor-Liste,2000,,,367087900,65.8410034179688,58.0499992370605,6.46,,
Timor-Liste,2001,,,477443500,65.4810028076172,55.1199989318848,3.69,,
Timor-Liste,2002,43.468355213188,,469506692.623875,65.6149978637695,55.8800010681152,1.73,,
Timor-Liste,2003,61.3034493702122,,490439064.433005,65.7959976196289,56.060001373291,1.15,,
Timor-Liste,2004,182.433882007243,,440764572.139052,65.8860015869141,56.8400001525879,1.56,,
Timor-Liste,2005,153.299848265643,,462283556.702666,65.8949966430664,55.2400016784668,3.51,,
Timor-Liste,2006,83.7551176418799,,453805097.349666,66.0459976196289,56.6100006103516,5.15,,
Timor-Liste,2007,230.271660438162,,542795446.507391,65.9169998168945,55.6800003051758,5.27,,
Timor-Liste,2008,210.423736879578,,648492745.886205,65.6729965209961,54.1300010681152,2.96,,
Timor-Liste,2009,249.928530792892,,726882390.157771,65.4499969482422,52.2599983215332,0.56,,
Timor-Liste,2010,406.188383994682,,881827794.874257,65.2470016479492,50.8199996948242,0.31,,
Timor-Liste,2011,461.610880986764,,1042411479.45348,64.9690017700195,49.2900009155273,0.3,,
Timor-Liste,2012,883.55141078244,,1160389550.88373,64.7080001831055,48.2599983215332,0.28,,
Timor-Liste,2013,686.998202842836,,1395519568.13766,64.5260009765625,46.1300010681152,0.17,,
Timor-Liste,2014,311.471064613909,,1447310448.58225,64.3239974975586,44.9099998474121,0.12,,
Timor-Liste,2015,437.752180980057,,1594447630.7963,64.1330032348633,42.560001373291,0.23,,
Timor-Liste,2016,280.953720723143,,1650619369.51891,63.9449996948242,40.3600006103516,0.64,,
Timor-Liste,2017,544.434360995242,,1595724260.7075,64.0419998168945,41.0299987792969,1.15,,
Timor-Liste,2018,673.903564681158,,1563887943.80061,64.1389999389648,40.5400009155273,2.19,,
Timor-Liste,2019,656.22103273923,,2028551627.60532,64.2519989013672,39.2799987792969,2.21,,
Togo,2000,,,1491891107.95711,56.1940002441406,48,6.46,,0.1635
Togo,2001,,,1482437752.05739,56.1500015258789,47.7700004577637,3.69,,0.1635
Togo,2002,,,1706698099.44513,56.1030006408691,47.2999992370605,1.73,,0.1635
Togo,2003,,,2115836353.1204,56.0550003051758,46.6199989318848,1.15,,0.1635
Togo,2004,,,2259992642.29014,55.9830017089844,46.5099983215332,1.56,,0.1635
Togo,2005,,,2281482855.46518,55.9300003051758,46.6800003051758,3.51,,0.1635
Togo,2006,,,2351584608.41123,55.9300003051758,46.2700004577637,5.15,,0.1635
Togo,2007,,,2662612348.44099,56.1860008239746,46.1100006103516,5.27,,0.1635
Togo,2008,,,3323677130.04484,56.4620018005371,45.6100006103516,2.96,,0.1635
Togo,2009,,,3379258564.97242,56.7239990234375,44.9099998474121,0.56,,0.1635
Togo,2010,,,3429461495.41335,56.9749984741211,44.1699981689453,0.31,,0.1635
Togo,2011,,,3872459249.74631,57.2280006408691,43.3899993896484,0.3,,0.1635
Togo,2012,,,3873308389.30006,57.1730003356934,42.5900001525879,0.28,6.5,0.1635
Togo,2013,,,4321655656.33177,57.1049995422363,41.7599983215332,0.17,6.5,0.1635
Togo,2014,,,4574986536.90791,57.023998260498,40.9700012207031,0.12,6.5,0.1635
Togo,2015,,,4180866177.03946,56.9309997558594,38.6800003051758,0.23,6.375,0.1635
Togo,2016,,,6031632168.17391,56.4210014343262,36.2599983215332,0.64,,0.1635
Togo,2017,,,6395472574.41445,55.8979988098145,33.7900009155273,1.15,,0.1635
Togo,2018,,,7112200725.00232,55.8219985961914,33.0999984741211,2.19,,0.1635
Togo,2019,,,7220395247.74241,55.7360000610352,32.3800010681152,2.21,,0.1635
Tonga,2000,24.6422682072333,,204849612.592276,54.0800018310547,33.7700004577637,6.46,,0.3432
Tonga,2001,23.7597824929206,,181116952.7897,53.4259986877441,32.6399993896484,3.69,,0.3432
Tonga,2002,25.1205307470288,,182763693.916873,52.734001159668,32.0499992370605,1.73,,0.2833
Tonga,2003,39.7710125925288,,202246959.690276,51.9410018920898,31.8600006103516,1.15,,0.2234
Tonga,2004,55.2623565109295,,230657965.488586,52.068000793457,31.5300006866455,1.56,,0.1635
Tonga,2005,46.8641632271085,,261797606.149719,52.3650016784668,29.9500007629395,3.51,,0.1635
Tonga,2006,47.972473597744,,292232117.078998,52.5880012512207,28.7600002288818,5.15,,0.1635
Tonga,2007,65.238721718125,,298513956.159185,51.9710006713867,28.7399997711182,5.27,,0.1635
Tonga,2008,69.7539028457779,,344428609.006734,51.3849983215332,27.1700000762939,2.96,,0.4470
Tonga,2009,95.7025738593442,,312377379.297118,50.6870002746582,26.1499996185303,0.56,,0.4470
Tonga,2010,104.527450867601,,366840012.442325,50.1230010986328,25.2800006866455,0.31,,0.4470
Tonga,2011,143.29451036368,,414523388.461329,49.5660018920898,24.4500007629395,0.3,,0.4470
Tonga,2012,152.403989217978,,470714083.426751,48.8969993591309,23.7299995422363,0.28,,0.4470
Tonga,2013,155.520937735289,,450643615.180528,48.2809982299805,23.8700008392334,0.17,,0.4470
Tonga,2014,158.784814420293,,439878828.008608,47.6920013427734,23.5400009155273,0.12,,0.4470
Tonga,2015,156.107668817026,,437006227.162781,47.076000213623,22.7399997711182,0.23,,0.4470
Tonga,2016,176.497315495875,,420540178.571429,46.5410003662109,21.4599990844727,0.64,,0.4470
Tonga,2017,198.522418422513,,460379144.989821,45.898998260498,20.6100006103516,1.15,,0.4470
Tonga,2018,215.149318603045,,488903272.859878,45.2569999694824,19.8500003814697,2.19,,0.1635
Tonga,2019,218.448401776129,,512057749.020644,45.273998260498,19.3700008392334,2.21,,0.1635
Trinidad and Tobago,2000,1386.29957082216,,8154338232.95978,53.7949981689453,7.23000001907349,6.46,,1.0000
Trinidad and Tobago,2001,1907.07156196432,,8824873259.32105,54.0960006713867,7.8600001335144,3.69,,1.0000
Trinidad and Tobago,2002,2027.71705195554,,9008273720.93395,54.617000579834,6.8899998664856,1.73,,1.0000
Trinidad and Tobago,2003,2451.06651915936,,11305459802.0683,55.1440010070801,5.90000009536743,1.15,,1.0000
Trinidad and Tobago,2004,3168.21355402602,,13280275123.0354,57.7519989013672,4.6399998664856,1.56,,1.0000
Trinidad and Tobago,2005,4960.84333104651,,15982282462.3786,58.6539993286133,4.34000015258789,3.51,,1.0000
Trinidad and Tobago,2006,6568.28510114595,,18369361094.3886,59.9119987487793,4.40999984741211,5.15,,1.0000
Trinidad and Tobago,2007,6694.14017007387,,21641620049.9352,59.9440002441406,3.80999994277954,5.27,,1.0000
Trinidad and Tobago,2008,9425.35324777815,,27871587349.5413,60.560001373291,3.82999992370605,2.96,,1.0000
Trinidad and Tobago,2009,8756.54204177755,,19172165225.5015,59.3699989318848,3.86999988555908,0.56,,1.0000
Trinidad and Tobago,2010,9094.26929869022,,22157948396.2042,58.4070014953613,3.75999999046326,0.31,,1.0000
Trinidad and Tobago,2011,9885.6021735272,,25433011405.3017,57.8740005493164,3.72000002861023,0.3,,1.0000
Trinidad and Tobago,2012,9268.0280771765,,27121712423.4327,58.8079986572266,3.74000000953674,0.28,,1.0000
Trinidad and Tobago,2013,10102.4584637168,,28557451143.4319,59.1119995117188,3.52999997138977,0.17,,1.0000
Trinidad and Tobago,2014,11418.6550242323,,29489012807.1382,59.8870010375977,3.60999989509583,0.12,,1.0000
Trinidad and Tobago,2015,9861.51140035719,,26851970253.811,58.5219993591309,3.4300000667572,0.23,,1.0000
Trinidad and Tobago,2016,9393.84699577485,,23496215885.0766,57.367000579834,3.25,0.64,,1.0000
Trinidad and Tobago,2017,8289.17489025326,,23797686965.7886,57.2330017089844,3.1800000667572,1.15,,0.8365
Trinidad and Tobago,2018,7495.22988381699,,24322359034.7096,57.173999786377,3.10999989509583,2.19,,0.8365
Trinidad and Tobago,2019,6834.00419270145,,23849557811.8957,57.1110000610352,3.02999997138977,2.21,,0.8365
Tunisia,2000,1811.04806505158,,21473261837.0176,40.3639984130859,20.2999992370605,6.46,,0.1635
Tunisia,2001,1989.22649940431,,22066031834.2948,40.2849998474121,19.9200000762939,3.69,,0.1635
Tunisia,2002,2290.30343388367,,23142153759.5836,39.8800010681152,19.7199993133545,1.73,,0.1635
Tunisia,2003,2945.36288863693,,27453007372.9142,39.564998626709,19.2999992370605,1.15,,0.1635
Tunisia,2004,3935.73852172347,,31183059012.4448,39.3600006103516,18.75,1.56,,0.1635
Tunisia,2005,4436.6958565589,,32273007553.5687,39.6440010070801,18.5300006866455,3.51,,0.1635
Tunisia,2006,6773.16219919484,,34377310293.0128,39.9300003051758,19.4400005340576,5.15,,0.1635
Tunisia,2007,7850.77116205129,,38914078351.8027,40.1920013427734,18.7000007629395,5.27,,0.1635
Tunisia,2008,8849.30009888531,,44860969077.1853,40.4259986877441,18.0200004577637,2.96,,0.1635
Tunisia,2009,11057.3126813622,,43454935940.1615,40.3289985656738,18.4699993133545,0.56,,0.1635
Tunisia,2010,9459.27153707788,,46206091937.9628,40.7709999084473,17.9500007629395,0.31,,0.1635
Tunisia,2011,7453.54870815057,,48122744708.0551,38.5400009155273,16.3600006103516,0.3,,0.1635
Tunisia,2012,8357.24140054899,,47311159485.2423,39.3559989929199,17.0699996948242,0.28,,0.1635
Tunisia,2013,7287.44649983122,,48684187850.0646,39.8660011291504,15.3699998855591,0.17,,0.1635
Tunisia,2014,7235.10230287675,,50271072627.6727,40.1310005187988,14.8699998855591,0.12,,0.1635
Tunisia,2015,7328.12196029189,,45780077487.7651,39.9339981079102,14.75,0.23,,0.1635
Tunisia,2016,5887.27159003259,,44360754189.9441,39.8300018310547,14.7700004577637,0.64,,0.1635
Tunisia,2017,5861.34907965126,,42163966272.6296,39.7779998779297,14.8100004196167,1.15,,0.1635
Tunisia,2018,5381.97055889029,,42685972269.4473,39.6419982910156,14.2799997329712,2.19,,0.1635
Tunisia,2019,7587.96740482365,,41906113685.9324,39.7939987182617,13.8000001907349,2.21,,0.1635
Turkiye,2000,22488.4402551615,,274302959053.103,46.7029991149902,27.2999992370605,6.46,,
Turkiye,2001,18879.205044262,,201751148417.102,45.6450004577637,27.1399993896484,3.69,,
Turkiye,2002,27068.6035929479,,240253216295.117,44.4440002441406,26.8700008392334,1.73,,
Turkiye,2003,33990.9870037045,,314592428076.487,43.2360000610352,26.3099994659424,1.15,,
Turkiye,2004,35669.1428657953,,408876042651.701,41.2900009155273,25.5100002288818,1.56,,
Turkiye,2005,50579.0014449876,,506308311476.63,41.4900016784668,24.7999992370605,3.51,,
Turkiye,2006,60891.8827348823,,557057829051.453,41.5509986877441,24.0599994659424,5.15,,
Turkiye,2007,73383.889194709,,681337335021.874,41.5009994506836,23.4799995422363,5.27,,
Turkiye,2008,70428.0650151764,,770462156204.38,41.7050018310547,23.1399993896484,2.96,,
Turkiye,2009,70873.6586976394,,649272568774.193,41.1539993286133,22.9500007629395,0.56,,
Turkiye,2010,80712.9816589094,,776992599946.766,42.9990005493164,23.7000007629395,0.31,,
Turkiye,2011,78322.3800314294,,838762755164.179,44.9710006713867,24.1599998474121,0.3,,
Turkiye,2012,99942.6316089645,,880556375779.51,45.3559989929199,23.5599994659424,0.28,,
Turkiye,2013,110926.748052956,,957783020853.031,45.9000015258789,22.9200000762939,0.17,,
Turkiye,2014,106906.397642209,,938952628604.067,45.5019989013672,21.0900001525879,0.12,,
Turkiye,2015,92920.8273786929,,864316670330.882,45.9930000305176,20.4099998474121,0.23,,
Turkiye,2016,90919.2048182566,,869692960365.551,46.3359985351563,19.5,0.64,,
Turkiye,2017,84115.0535010137,,858996263095.858,47.0779991149902,19.3799991607666,1.15,,
Turkiye,2018,72866.830470308,,778471900960.981,47.3709983825684,18.4300003051758,2.19,,
Turkiye,2019,78532.2720332221,,759937390496.669,45.6769981384277,18.1100006103516,2.21,,
Turkmenistan,2000,,,2904662604.82053,47.2939987182617,34.2799987792969,6.46,,0.0000
Turkmenistan,2001,,,3534803921.56863,47.5019989013672,34.3600006103516,3.69,,0.0000
Turkmenistan,2002,,,4461978498.86577,48.0540008544922,34.3400001525879,1.73,,0.0000
Turkmenistan,2003,,,5977560877.44013,48.2809982299805,34,1.15,,0.0000
Turkmenistan,2004,,,6838351088.46688,48.4010009765625,33.5999984741211,1.56,,0.1635
Turkmenistan,2005,,,8103901996.37024,47.9210014343262,32.8499984741211,3.51,,0.0000
Turkmenistan,2006,,,10276674364.8961,47.7200012207031,32.3300018310547,5.15,,0.1635
Turkmenistan,2007,,,12664165103.1895,47.5299987792969,31.6800003051758,5.27,,0.0000
Turkmenistan,2008,,,19271523178.8079,47.1629981994629,30.9099998474121,2.96,,0.1635
Turkmenistan,2009,,,20214385964.9123,47.3709983825684,30.1800003051758,0.56,,0.1635
Turkmenistan,2010,,,22583157894.7368,46.9659996032715,29.3600006103516,0.31,,0.1635
Turkmenistan,2011,,,29233333333.3333,46.3089981079102,28.3600006103516,0.3,,0.1635
Turkmenistan,2012,,,35164210526.3158,45.9109992980957,27.4300003051758,0.28,,0.1635
Turkmenistan,2013,,,39197543859.6491,45.5730018615723,26.4699993133545,0.17,,0.1635
Turkmenistan,2014,,,43524210526.3158,45.257999420166,25.4500007629395,0.12,,0.1635
Turkmenistan,2015,,,35799714285.7143,45.1069984436035,24.5200004577637,0.23,,0.1635
Turkmenistan,2016,,,36169428571.4286,44.9550018310547,23.6200008392334,0.64,,0.1635
Turkmenistan,2017,,,37926285714.2857,44.8009986877441,22.6800003051758,1.15,,0.1635
Turkmenistan,2018,,,40765428571.4286,44.6660003662109,21.6900005340576,2.19,,0.1635
Turkmenistan,2019,,,45231428571.4286,44.5349998474121,20.6800003051758,2.21,,0.1635
Tuvalu,2000,,,15074211.5027829,,,6.46,,
Tuvalu,2001,,,13965035.6884245,,,3.69,,
Tuvalu,2002,,,16842334.0215147,,,1.73,,
Tuvalu,2003,,,19456514.6896686,,,1.15,,
Tuvalu,2004,,,22797470.2162083,,,1.56,,
Tuvalu,2005,,,22909507.4455899,,,3.51,,
Tuvalu,2006,,,24096385.5421687,,,5.15,,
Tuvalu,2007,,,28449502.1337127,,,5.27,,
Tuvalu,2008,,,31873846.6700218,,,2.96,,
Tuvalu,2009,,,28076743.0978007,,,0.56,,
Tuvalu,2010,,,32104201.0640249,,,0.31,,
Tuvalu,2011,,,39195461.5781331,,,0.3,,
Tuvalu,2012,,,39345620.2112239,,,0.28,,
Tuvalu,2013,,,38617493.7246573,,,0.17,,
Tuvalu,2014,,,38759689.9224806,,,0.12,,
Tuvalu,2015,,,36811659.5297123,,,0.23,,
Tuvalu,2016,,,41629497.4724948,,,0.64,,
Tuvalu,2017,,,45217657.8786021,,,1.15,,
Tuvalu,2018,,,47818290.4961148,,,2.19,,
Tuvalu,2019,,,54223149.1136601,,,2.21,,
Uganda,2000,808.042388803331,,6193246837.09687,67.5699996948242,69.9499969482422,6.46,,0.9401
Uganda,2001,983.357418978631,,5840503868.57246,67.4349975585938,69.6100006103516,3.69,,1.0000
Uganda,2002,934.009575937527,,6178563590.89254,67.3140029907227,69.0800018310547,1.73,,1.0000
Uganda,2003,1080.25663013831,,6606884390.78019,67.2819976806641,68.6999969482422,1.15,,1.0000
Uganda,2004,1308.10159545735,,7939487473.86318,67.9130020141602,68.5100021362305,1.56,,1.0000
Uganda,2005,1344.20115670341,,9239221858.55839,68.5439987182617,68.3399963378906,3.51,,1.0000
Uganda,2006,1810.87948555993,,9977647644.69953,68.3109970092773,67.9199981689453,5.15,,1.0000
Uganda,2007,2559.78996382403,,11902564401.3238,68.0400009155273,67.6100006103516,5.27,,1.0000
Uganda,2008,2300.53940485552,,14440404021.4881,67.7829971313477,67.2600021362305,2.96,,1.0000
Uganda,2009,2994.45946538175,,25127805566.4511,67.5039978027344,67.0599975585938,0.56,,1.0000
Uganda,2010,2706.00501033156,,26673441667.2815,67.5510025024414,66.8399963378906,0.31,,1.0000
Uganda,2011,2617.45046311354,,27871725205.5714,67.6389999389648,66.4499969482422,0.3,,1.0000
Uganda,2012,3167.15806013695,,27305915761.2918,67.6500015258789,66.1399993896484,0.28,,1.0000
Uganda,2013,3337.53936336545,,28915786996.5518,68.745002746582,71.9199981689453,0.17,,1.0000
Uganda,2014,3316.3638152963,,32612397758.4579,68.6869964599609,72.3899993896484,0.12,,1.0000
Uganda,2015,2908.87677327382,,32387183844.6699,68.6169967651367,72.2600021362305,0.23,,1.0000
Uganda,2016,3097.84806980846,,29203988814.8973,68.5350036621094,72.4100036621094,0.64,,1.0000
Uganda,2017,3720.86372120488,,30744473911.5312,68.4400024414063,72.6800003051758,1.15,,1.0000
Uganda,2018,3358.51464990299,,32927025573.4296,68.3499984741211,72.4499969482422,2.19,,1.0000
Uganda,2019,,,35353060634.2022,68.2429962158203,72.129997253418,2.21,,1.0000
Ukraine,2000,1352.71181554994,,32375280320.5765,50.5050010681152,26.5,6.46,,0.1635
Ukraine,2001,2955.34455257906,,39309580983.2282,50.6710014343262,25.9699993133545,3.69,,0.1635
Ukraine,2002,4205.29135941443,,43956369917.0202,50.9869995117188,25.4699993133545,1.73,,0.1635
Ukraine,2003,6683.20949356649,,52010238715.8475,51.3880004882813,24.6900005340576,1.15,,0.1635
Ukraine,2004,9490.67609567767,,67220154164.3166,51.4420013427734,23.9400005340576,1.56,,0.1635
Ukraine,2005,18988.0376908784,,89239370109.4698,52.0190010070801,23.3400001525879,3.51,,0.1635
Ukraine,2006,21844.6473133789,,111884752475.248,52.0089988708496,22.5599994659424,5.15,,0.1635
Ukraine,2007,31785.9930627738,,148733861386.139,52.6689987182617,21.8899993896484,5.27,,0.1635
Ukraine,2008,30800.5767366617,,188111140643.985,52.6689987182617,21.3799991607666,2.96,,0.1635
Ukraine,2009,25556.9373421218,,121552777492.556,51.2809982299805,21.2999992370605,0.56,,0.0000
Ukraine,2010,33327.4314281666,,141209864408.488,51.7029991149902,20.3299999237061,0.31,,0.0000
Ukraine,2011,30409.3199066251,,169333048847.834,51.8499984741211,20.3400001525879,0.3,,0.0000
Ukraine,2012,22655.8364966833,,182592416468.527,52.0359992980957,19.8899993896484,0.28,,0.0000
Ukraine,2013,18775.5019989497,,190498811460.028,52.2449989318848,20.0100002288818,0.17,,0.0000
Ukraine,2014,6622.24451233223,,133503411375.739,51.0690002441406,14.7700004577637,0.12,,0.0000
Ukraine,2015,12368.0807651311,,91030959454.6961,51.1479988098145,15.2600002288818,0.23,,0.0000
Ukraine,2016,14597.6183043675,,93355993628.5042,51.0359992980957,15.6000003814697,0.64,,0.0000
Ukraine,2017,17747.8011965576,,112090530368.543,50.9580001831055,15.4099998474121,1.15,,0.0000
Ukraine,2018,19818.2100041028,,130891049796.879,51.3580017089844,14.4200000762939,2.19,,0.0000
Ukraine,2019,24083.3729268886,,153882982016.281,51.7070007324219,13.8199996948242,2.21,,0.0000
United Arab Emirates,2000,13522.6635391667,,104337372362.151,74.6179962158203,7.90000009536743,6.46,,1.0000
United Arab Emirates,2001,14146.3596134802,,103311640571.818,74.6630020141602,7.25,3.69,,1.0000
United Arab Emirates,2002,15219.3595753937,,109816201497.617,74.7720031738281,6.67000007629395,1.73,,1.0000
United Arab Emirates,2003,15087.8119036616,,124346358066.712,74.9189987182617,6.1100001335144,1.15,,1.0000
United Arab Emirates,2004,18529.9236976481,,147824370319.946,75.0240020751953,5.63000011444092,1.56,,1.0000
United Arab Emirates,2005,21010.2958422662,,180617467964.602,75.0820007324219,5.19000005722046,3.51,,1.0000
United Arab Emirates,2006,27617.4458225769,,222116541865.214,75.5080032348633,4.78000020980835,5.15,,1.0000
United Arab Emirates,2007,77238.7653581158,,257916133424.098,75.8410034179688,4.3899998664856,5.27,,1.0000
United Arab Emirates,2008,31694.4546940486,,315474615738.598,76.2249984741211,4.03999996185303,2.96,,1.0000
United Arab Emirates,2009,26104.2015977902,,253547358747.447,76.5469970703125,3.6800000667572,0.56,,1.0000
United Arab Emirates,2010,32785.2918834009,,289787452661.675,76.9779968261719,3.38000011444092,0.31,,1.0000
United Arab Emirates,2011,37269.3184225758,,350666058379.85,77.3919982910156,3.07999992370605,0.3,,1.0000
United Arab Emirates,2012,47035.1504309523,,384610125384.033,77.754997253418,2.78999996185303,0.28,,1.0000
United Arab Emirates,2013,68202.6506602746,,400218529747.597,78.1350021362305,2.50999999046326,0.17,,1.0000
United Arab Emirates,2014,78424.3816650826,,414105366758.911,78.5070037841797,2.25,0.12,,1.0000
United Arab Emirates,2015,93673.6764416517,,370275469560.166,78.8850021362305,2.00999999046326,0.23,,1.0000
United Arab Emirates,2016,85117.6397465666,,369255326235.771,79.2490005493164,1.80999994277954,0.64,,1.0000
United Arab Emirates,2017,95059.9139668689,,390516804016.501,78.7829971313477,1.62000000476837,1.15,,1.0000
United Arab Emirates,2018,99194.4754787452,,427049432149.345,77.3369979858398,1.46000003814697,2.19,,1.0000
United Arab Emirates,2019,107258.078451761,,417989721734.494,77.4150009155273,1.38999998569489,2.21,,1.0000
Uruguay,2000,2478.85607506834,,22823255801.8447,52.5620002746582,11.4700002670288,6.46,,1.0000
Uruguay,2001,3097.08033444093,,20898788416.6348,52.2869987487793,11.3900003433228,3.69,,1.0000
Uruguay,2002,769.146323559993,,13606494599.4261,49.9850006103516,11.3199996948242,1.73,,1.0000
Uruguay,2003,2083.17126921285,,12045631092.5353,49.2620010375977,11.1999998092651,1.15,,1.0000
Uruguay,2004,2508.46840637611,,13686329890.1191,51.7589988708496,11.039999961853,1.56,,1.0000
Uruguay,2005,3074.05442538084,,17362857683.8545,52.3629989624023,10.8699998855591,3.51,,1.0000
Uruguay,2006,3085.25559554137,,19579457966.0538,55.2610015869141,10.7399997711182,5.15,,1.0000
Uruguay,2007,4114.32285219685,,23410572634.3147,57.8209991455078,10.6800003051758,5.27,,1.0000
Uruguay,2008,6352.80882324636,,30366213119.2928,58.8699989318848,10.5799999237061,2.96,,1.0000
Uruguay,2009,8028.64189020913,,31660911277.0294,59.7290000915527,10.9499998092651,0.56,,1.0000
Uruguay,2010,7643.64947793176,,40284481651.9021,59.6780014038086,11.5699996948242,0.31,,1.0000
Uruguay,2011,10288.7502775462,,47962439303.7247,61.8540000915527,9.78999996185303,0.3,,1.0000
Uruguay,2012,13590.8699483763,,51264390116.4909,61.0130004882813,8.60999965667725,0.28,,1.0000
Uruguay,2013,16270.6149819754,,57531233350.9101,60.6640014648438,9.28999996185303,0.17,,1.0000
Uruguay,2014,17544.7922918495,,57236013086.1224,61.5559997558594,9.14000034332275,0.12,,1.0000
Uruguay,2015,15630.2297375794,,53274304222.136,60.0670013427734,8.81999969482422,0.23,,1.0000
Uruguay,2016,13467.8882361867,,57236652490.1699,59.5449981689453,8.22000026702881,0.64,,1.0000
Uruguay,2017,15955.0487312397,,64233966861.2518,59.0519981384277,8.73999977111816,1.15,,1.0000
Uruguay,2018,15552.2804000103,,64515038268.1373,58.3689994812012,8.35999965667725,2.19,,1.0000
Uruguay,2019,14499.0032579047,,61231149880.5857,57.734001159668,8.40999984741211,2.21,,1.0000
Uzbekistan,2000,,,13760513969.314,58.9819984436035,39.0800018310547,6.46,,0.0000
Uzbekistan,2001,,,11401421329.1974,59.4109992980957,38.1699981689453,3.69,,0.0000
Uzbekistan,2002,,,9687788512.80184,59.875,37.2099990844727,1.73,,0.0000
Uzbekistan,2003,,,10134453435.4603,60.2919998168945,36.1699981689453,1.15,,0.1635
Uzbekistan,2004,,,12030023547.8807,60.3460006713867,34.9599990844727,1.56,,0.1635
Uzbekistan,2005,,,14307509838.8053,60.564998626709,33.689998626709,3.51,,0.1635
Uzbekistan,2006,,,17330833852.919,60.7239990234375,32.3699989318848,5.15,,0.1635
Uzbekistan,2007,,,22311393927.8817,60.7200012207031,30.9099998474121,5.27,,0.1635
Uzbekistan,2008,,,29549438883.8338,60.1800003051758,29.4699993133545,2.96,,0.1635
Uzbekistan,2009,,,33689223673.2577,59.6080017089844,28.0900001525879,0.56,,0.1635
Uzbekistan,2010,,,49765676402.4495,58.9939994812012,26.8099994659424,0.31,,0.0000
Uzbekistan,2011,,,60178909297.208,58.8629989624023,27.0900001525879,0.3,,0.0000
Uzbekistan,2012,,,67517349212.0609,58.4910011291504,26.6000003814697,0.28,,0.0000
Uzbekistan,2013,14082.4843408419,,73180036692.3255,58.0629997253418,27.1700000762939,0.17,,0.0000
Uzbekistan,2014,13546.8006342289,,80845384375.1236,57.5639991760254,27.5300006866455,0.12,,0.0000
Uzbekistan,2015,13666.1332696036,,86196265191.6645,57.125,27.5799999237061,0.23,,0.0000
Uzbekistan,2016,14172.2476866739,,86138288615.1218,56.8429985046387,27.4200000762939,0.64,,0.0000
Uzbekistan,2017,14042.8109553947,,62081323299.0324,56.3079986572266,27.1499996185303,1.15,,0.0000
Uzbekistan,2018,12440.6629811617,,52633143808.1824,56.0589981079102,26.6499996185303,2.19,,0.1635
Uzbekistan,2019,12842.9255020694,,59907674027.4676,55.8300018310547,25.7099990844727,2.21,,0.1635
Vanuatu,2000,38.9228204827534,,272014693.050806,68.1719970703125,68.6600036621094,6.46,8.5,
Vanuatu,2001,37.6580997240221,,257926881.72043,68.2060012817383,69.0599975585938,3.69,8.5,
Vanuatu,2002,36.5219847950926,,262596597.803278,68.3929977416992,69.6600036621094,1.73,8.5,
Vanuatu,2003,43.8164963348545,,314471328.071548,68.4739990234375,68.9599990844727,1.15,8.5,
Vanuatu,2004,61.8137294176844,,364996869.129618,68.427001953125,68.6699981689453,1.56,8.5,
Vanuatu,2005,67.1975539261927,,394962552.336108,68.3619995117188,67.9499969482422,3.51,8.5,
Vanuatu,2006,104.661394460191,,439358717.579772,68.234001159668,67.1100006103516,5.15,8.5,
Vanuatu,2007,119.623134384304,,516392922.513728,68.0810012817383,66.0699996948242,5.27,8.58333333333333,
Vanuatu,2008,115.230049975587,,590748237.021657,68.0019989013672,64.2099990844727,2.96,8.5,
Vanuatu,2009,148.61289992884,,592622502.360859,67.9390029907227,60.5499992370605,0.56,8.4475,
Vanuatu,2010,161.382135428761,,670713208.084552,67.9359970092773,63.8300018310547,0.31,8.2375,
Vanuatu,2011,173.789321593301,,770153304.153832,68.004997253418,64.0999984741211,0.3,7.9125,
Vanuatu,2012,182.228490812076,,747839697.746593,68.0059967041016,63.7999992370605,0.28,7.63916666666667,
Vanuatu,2013,179.199339275513,,758304466.245339,68.0240020751953,62.8800010681152,0.17,7.81833333333333,
Vanuatu,2014,183.998594875318,,772315721.265827,68.0749969482422,62.4199981689453,0.12,7.81151212121212,
Vanuatu,2015,269.167136176373,,730870581.672313,68.1100006103516,60.6199989318848,0.23,7.80327677070707,
Vanuatu,2016,267.345975934803,,780889605.899977,68.1470031738281,59.4199981689453,0.64,7.69681818181818,
Vanuatu,2017,395.101633946324,,880062103.045053,68.1190032958984,58.5699996948242,1.15,7.58,
Vanuatu,2018,420.592370174891,,914736985.430944,68.0660018920898,57.6399993896484,2.19,7.58916666666667,
Vanuatu,2019,511.5462841172,,936526267.622513,68.0589981079102,56.7799987792969,2.21,7.59,
Venezuela,2000,13088.4831625221,,117140723529.412,54.939998626709,10.6099996566772,6.46,21.0316666666667,1.0000
Venezuela,2001,9239.49022264225,,122903960204.505,55.685001373291,9.64999961853027,3.69,22.1166666666667,1.0000
Venezuela,2002,8487.07081076525,,92893587733.6549,52.673999786377,9.97000026702881,1.73,38.5083333333333,0.4031
Venezuela,2003,16034.7025206513,,83620628582.1082,51.3930015563965,10.7700004577637,1.15,32.1525,0.4031
Venezuela,2004,18375.4300572128,,112453382329.615,53.8460006713867,10.5,1.56,15.5682804978815,0.4031
Venezuela,2005,23918.8305476946,,145510008134.75,57.4280014038086,10.289999961853,3.51,12.9275,0.4031
Venezuela,2006,29417.2921202438,,183477522123.894,59.2760009765625,9.42000007629395,5.15,7.80944444444444,0.1797
Venezuela,2007,24196.1063649236,,230364012575.687,59.7299995422363,8.84000015258789,5.27,9.55,0.1797
Venezuela,2008,33098.1280872778,,315953388510.678,60.2719993591309,8.52000045776367,2.96,14.47,0.1198
Venezuela,2009,21702.9569935458,,329787628928.471,60.1339988708496,8.36999988555908,0.56,12.83875,0.0599
Venezuela,2010,13136.7939063905,,393192354510.653,59.310001373291,8.27999973297119,0.31,15.5283333333333,0.0000
Venezuela,2011,9930.09145885565,,316482190800.364,59.2400016784668,7.98999977111816,0.3,17.5154166666667,0.0000
Venezuela,2012,9900.14916268605,,381286237847.667,58.9449996948242,7.65999984741211,0.28,16.7575,0.0000
Venezuela,2013,6038.02640944574,,371005379786.566,59.5629997253418,7.44999980926514,0.17,15.2649646825397,0.0000
Venezuela,2014,7456.59878242425,,482359318767.703,59.0040016174316,7.32999992370605,0.12,15.1081888888889,0.0000
Venezuela,2015,6324.28501152235,,,58.4860000610352,7.32999992370605,0.23,15.3866375,0.0000
Venezuela,2016,3264.51656351161,,,57.9249992370605,7.40000009536743,0.64,14.8043442669875,0.0000
Venezuela,2017,3034.37036462108,,,56.5200004577637,7.44999980926514,1.15,12.9466666666667,0.0000
Venezuela,2018,,,,54.476001739502,7.53999996185303,2.19,,0.0000
Venezuela,2019,,,,50.064998626709,7.8600001335144,2.21,,0.0000
Vietnam,2000,3416.5111050847,,31172518403.3162,70.6660003662109,65.25,6.46,,0.1635
Vietnam,2001,3674.56562265934,,32685198735.3053,70.9850006103516,63.9900016784668,3.69,,0.1635
Vietnam,2002,4121.05166052162,,35064105500.8344,70.9629974365234,62.0400009155273,1.73,,0.1635
Vietnam,2003,6224.18108775991,,39552513316.0734,70.379997253418,59.6800003051758,1.15,,0.1635
Vietnam,2004,7041.46060952428,,45427854693.2554,69.8820037841797,57.9000015258789,1.56,,0.1635
Vietnam,2005,9050.5616312151,,57633255618.2731,70.8949966430664,54.8300018310547,3.51,,0.1635
Vietnam,2006,13384.067982157,,66371664817.0436,71.8610000610352,51.6699981689453,5.15,,0.1635
Vietnam,2007,23479.3927798197,,77414425532.2452,72.8410034179688,49.2799987792969,5.27,,0.1635
Vietnam,2008,23890.2505502909,,99130304099.1274,73.6500015258789,48.6199989318848,2.96,,0.4170
Vietnam,2009,16447.104123628,,106014659770.222,74.5110015869141,47.5499992370605,0.56,,0.4170
Vietnam,2010,12466.6006109074,,147201163802.554,75.3249969482422,48.7099990844727,0.31,,0.4170
Vietnam,2011,13539.1190010033,,172595034069.162,75.5070037841797,48.310001373291,0.3,,0.4170
Vietnam,2012,25573.2822322766,,195590647205.685,75.4049987792969,47.3699989318848,0.28,,0.4170
Vietnam,2013,25893.4896730736,,213708830436.648,76.0029983520508,46.810001373291,0.17,,0.4170
Vietnam,2014,34189.3688326688,,233451484773.974,76.0690002441406,46.3400001525879,0.12,,0.4170
Vietnam,2015,28250.254960181,,239258340825.533,75.7720031738281,44.0200004577637,0.23,,0.4170
Vietnam,2016,36527.2910443307,,257096001564.769,75.1439971923828,41.8699989318848,0.64,,0.4170
Vietnam,2017,49075.5678124586,,281353625688.004,74.7060012817383,40.1599998474121,1.15,,0.4170
Vietnam,2018,55452.6225825609,,310106472642.968,74.7330017089844,38.7000007629395,2.19,,0.4170
Vietnam,2019,78334.835182609,,334365257436.758,73.9290008544922,37.2200012207031,2.21,,0.4170
Yemen,2000,2900.25390077575,,9652436179.64605,40.0110015869141,40.8400001525879,6.46,,1.0000
Yemen,2001,3658.1006157976,,9861560094.74009,39.3600006103516,38.4199981689453,3.69,,
Yemen,2002,4410.53514530584,,10694628091.6726,38.7249984741211,35.9599990844727,1.73,,1.0000
Yemen,2003,4986.94866781285,,11777966673.3897,38.0919990539551,33.4799995422363,1.15,,1.0000
Yemen,2004,5664.78505821904,,13872791658.5487,37.4640007019043,31.0300006866455,1.56,,1.0000
Yemen,2005,6115.3980316436,,16746344766.2044,36.8479995727539,29.8999996185303,3.51,,1.0000
Yemen,2006,7511.51261900255,,19061978586.1278,36.2140007019043,28.8199996948242,5.15,,1.0000
Yemen,2007,7715.4323564048,,21650532264.2322,35.5979995727539,27.7199993133545,5.27,,1.0000
Yemen,2008,8111.37404900909,,26910851361.7555,34.9869995117188,26.5300006866455,2.96,,1.0000
Yemen,2009,6935.55459072352,,25130274124.2525,34.3800010681152,25.2999992370605,0.56,,1.0000
Yemen,2010,5868.35377549031,,30906749533.221,33.7949981689453,24.1100006103516,0.31,,1.0000
Yemen,2011,4448.93882012166,,32726417878.391,33.0870018005371,25.8700008392334,0.3,,1.0000
Yemen,2012,6067.58100779467,,35401323349.8817,32.5639991760254,27.0100002288818,0.28,,1.0000
Yemen,2013,5284.07175457831,,40415233436.1767,31.9810009002686,28.0200004577637,0.17,,1.0000
Yemen,2014,4357.50407677657,,43228585321.3272,31.367000579834,29.25,0.12,,1.0000
Yemen,2015,1442.75709353636,,42444495590.1077,31.5359992980957,29.4699993133545,0.23,,1.0000
Yemen,2016,877.442199453388,,31317828583.5859,31.8169994354248,29.2600002288818,0.64,,1.0000
Yemen,2017,704.391487191476,,26842231204.8047,32.0009994506836,28.8999996185303,1.15,,1.0000
Yemen,2018,2333.65610035952,,21606161066.2074,32.1580009460449,28.3099994659424,2.19,,1.0000
Yemen,2019,1413.92921039276,,,32.2830009460449,27.5499992370605,2.21,,1.0000
Zambia,2000,244.824131796944,,3600683039.73254,69.2220001220703,70.879997253418,6.46,,1.0000
Zambia,2001,183.446871748212,,4094480988.11931,68.7900009155273,71.2300033569336,3.69,,1.0000
Zambia,2002,535.132846101975,,4193845678.17033,68.3310012817383,71.5699996948242,1.73,,1.0000
Zambia,2003,247.729406935735,,4901839731.26571,67.8939971923828,71.7799987792969,1.15,,1.0000
Zambia,2004,337.106225049386,,6221077674.77871,67.4329986572266,71.9800033569336,1.56,,1.0000
Zambia,2005,559.788508275448,,8331870169.14977,66.9690017700195,72.2600021362305,3.51,,1.0000
Zambia,2006,719.716911583293,,12756858899.2812,68.4990005493164,72.0199966430664,5.15,,1.0000
Zambia,2007,1089.95202263547,,14056957976.2648,69.9810028076172,71.7300033569336,5.27,,1.0000
Zambia,2008,1095.6086090688,,17910858637.9048,71.411003112793,71.4300003051758,2.96,,1.0000
Zambia,2009,1892.07771320001,,15328342303.9575,68.7279968261719,68.0899963378906,0.56,,1.0000
Zambia,2010,2093.75326611924,,20265559483.8548,66.0650024414063,64.3300018310547,0.31,,1.0000
Zambia,2011,2324.01812665836,,23459515275.5776,67.4000015258789,60.4300003051758,0.3,,1.0000
Zambia,2012,3042.22384942813,,25503060420.026,68.7249984741211,56.0299987792969,0.28,,1.0000
Zambia,2013,2683.81340345787,,28037239462.7142,68.1230010986328,54.4700012207031,0.17,,1.0000
Zambia,2014,3078.36229684348,,27141023558.0829,67.5169982910156,53.2799987792969,0.12,,1.0000
Zambia,2015,2967.62671643206,,21251216798.7762,66.890998840332,52.2700004577637,0.23,,1.0000
Zambia,2016,2352.71900410271,,20958412538.3093,66.2730026245117,51.3699989318848,0.64,,1.0000
Zambia,2017,2082.08391953427,,25873601260.8353,65.6340026855469,50.7099990844727,1.15,,1.0000
Zambia,2018,1569.22990613102,,26311590296.7021,65.2679977416992,50.1100006103516,2.19,,1.0000
Zambia,2019,1448.62429019898,,23308667781.2258,64.8059997558594,49.6399993896484,2.21,,1.0000
Zimbabwe,2000,193.133708310207,,6689957600,78.0739974975586,60.6199989318848,6.46,,0.1635
Zimbabwe,2001,64.7123292732583,,6777384700,78.3219985961914,61,3.69,,0.1635
Zimbabwe,2002,83.3579078025755,,6342116400,78.5350036621094,61.9000015258789,1.73,,0.1635
Zimbabwe,2003,85.1875393967853,,5727591800,78.7630004882813,62.9500007629395,1.15,,0.0000
Zimbabwe,2004,223.209533911466,,5805598400,79.0410003662109,63.6699981689453,1.56,,0.0000
Zimbabwe,2005,97.1915844838922,,5755215200,78.8789978027344,64.5100021362305,3.51,,0.0000
Zimbabwe,2006,154.593586734786,,5443896500,78.7220001220703,64.7200012207031,5.15,,0.0000
Zimbabwe,2007,144.518471520768,,5291950100,78.5599975585938,65.5500030517578,5.27,,0.0000
Zimbabwe,2008,75.5053547471879,,4415702800,78.3679962158203,66.5,2.96,,0.0000
Zimbabwe,2009,821.891029988351,,9665793264,78.2710037231445,66.0699996948242,0.56,,0.1635
Zimbabwe,2010,731.779021646729,,12041655180,78.1289978027344,65.5400009155273,0.31,,0.4170
Zimbabwe,2011,659.175718235734,,14101920310,77.9560012817383,65.8600006103516,0.3,,0.4170
Zimbabwe,2012,574.407706177803,,17114849880,78.8349990844727,65.9899978637695,0.28,,0.4170
Zimbabwe,2013,474.48265344302,,19091019990,79.6549987792969,66.7699966430664,0.17,,0.1635
Zimbabwe,2014,363.346140379277,,19495519630,80.4879989624023,67.2399978637695,0.12,,0.1635
Zimbabwe,2015,418.149725852928,,19963120610,80.5009994506836,67.0599975585938,0.23,,0.4170
Zimbabwe,2016,406.731446398736,,20548678070,80.5110015869141,66.879997253418,0.64,,0.4170
Zimbabwe,2017,292.098759611638,,17584890937.482,80.5019989013672,66.4800033569336,1.15,,0.4170
Zimbabwe,2018,86.4345890794849,,34156069918.0609,80.4619979858398,66.0199966430664,2.19,,0.4170
Zimbabwe,2019,150.626737889991,,21832234925.5021,80.3919982910156,66.1900024414063,2.21,,0.4170
